month,records,MAE,RMSE,mean_bias,actual_mean,predicted_mean
1,900,10.221793627401851,20.834058554510072,4.092270462902679,34.568803358796295,38.66107382169897
2,658,8.735902018135313,17.068319735792382,2.589863991096655,54.79483282674772,57.38469681784437
3,744,10.994179788221556,20.68775113117958,-0.6824919825270523,75.14516129032258,74.46266930779554
4,658,11.688016694138769,23.85163025008051,-2.028632660116704,77.01874366767984,74.99011100756314
5,470,14.089785325485098,29.18066006602058,-1.1722512844902533,80.70780141843971,79.53555013394947
6,226,15.915811220320531,29.672428522591726,-2.926865672347175,82.4424778761062,79.51561220375902
7,173,13.535456767791647,28.04701398144609,1.6447971248939717,55.923314065510596,57.56811119040457
8,266,14.210203736585038,32.52772477658218,13.393372009979924,17.789502597431078,31.182874607411
9,281,16.05884972851782,31.205932844544904,15.621263350444572,24.903970335112696,40.52523368555726
10,301,11.754483861864719,24.261101249807748,10.12376474302798,24.00765451162791,34.13141925465588
11,357,16.40464571955503,28.39246339880243,15.218975549015822,26.594182077731094,41.813157626746914
12,488,13.064613738467306,22.894726412074505,12.201114246350206,21.070066669228144,33.27118091557835
