timestamp,target_timestamp,actual,model2_pred,model2_error,model2_abs_error,poa_irradiance__5061,ambient_temp__5062,module_temp__5063,CLOUD_AMT,solar_zenith_angle
2017-05-27 13:00:00,2017-05-27 14:00:00,221.3333333333333,44.9060150585578,-176.42731827477547,176.42731827477547,84.61639975,7.093583,7.101033,93.23,22.598652649554623
2017-09-01 11:00:00,2017-09-01 12:00:00,58.5,231.42297263828368,172.92297263828368,172.92297263828368,441.63133275,27.403733,29.27544975,99.02,34.4998102207392
2017-04-27 13:00:00,2017-04-27 14:00:00,315.0,156.29552123348117,-158.70447876651883,158.70447876651883,292.0315995,8.832433,10.0174665,84.97,29.012624856172582
2017-05-27 11:00:00,2017-05-27 12:00:00,220.0,71.7026827001609,-148.2973172998391,148.2973172998391,415.0352995,14.10129975,16.53144975,68.65,22.097224520171963
2017-04-27 10:00:00,2017-04-27 11:00:00,66.0,208.78160571099144,142.78160571099144,142.78160571099144,457.26391625,13.001483,16.503283,95.32,36.48588756392461
2017-08-03 13:00:00,2017-08-03 14:00:00,13.11875,155.4640788579147,142.3453288579147,142.3453288579147,201.5839665,15.94689975,18.81131625,79.9,25.24450926251771
2017-05-07 14:00:00,2017-05-07 15:00:00,38.0,178.33798720531297,140.33798720531297,140.33798720531297,642.39621625,24.99584975,28.87004975,100.0,34.9636000460678
2017-05-06 15:00:00,2017-05-06 16:00:00,213.3333333333333,74.19241131418708,-139.14092201914622,139.14092201914622,235.51821625,25.14429975,26.2301495,9.69,45.66337999716038
2017-08-17 08:00:00,2017-08-17 09:00:00,66.1,200.23951208078392,134.13951208078393,134.13951208078393,335.52679975,21.68174975,22.49031625,19.21,59.52314241467016
2017-05-27 08:00:00,2017-05-27 09:00:00,60.0,194.07332368552173,134.07332368552173,134.07332368552173,435.35996625,14.58999975,16.9636165,73.84,53.35339019553672
2017-08-03 11:00:00,2017-08-03 12:00:00,40.1,172.49832438805922,132.39832438805922,132.39832438805922,233.4950665,15.143583,17.64929975,95.3,26.707022970097512
2017-07-07 13:00:00,2017-07-07 14:00:00,80.0,210.6072384827664,130.6072384827664,130.6072384827664,570.50328275,32.419083,40.81078275,13.74,20.74492058353832
2017-04-26 15:00:00,2017-04-26 16:00:00,224.0,94.70956772143978,-129.29043227856022,129.29043227856022,293.037433,15.245283,19.7361495,38.73,47.41069598877934
2017-05-02 11:00:00,2017-05-02 12:00:00,317.0,187.80318165805397,-129.19681834194603,129.19681834194603,328.4403495,12.65706625,16.29703325,37.58,27.22881141023094
2017-10-28 09:00:00,2017-10-28 10:00:00,27.6,153.95425647279296,126.35425647279297,126.35425647279297,229.0662665,8.32871625,8.764433,86.99,65.39897794571337
2017-05-07 13:00:00,2017-05-07 14:00:00,257.0,131.2313504505158,-125.7686495494842,125.7686495494842,388.57646625,25.32813275,30.66311625,100.0,26.484676443242712
2017-05-27 10:00:00,2017-05-27 11:00:00,324.0,199.41937838711215,-124.58062161288785,124.58062161288785,462.86399975,13.994433,16.136933250000002,66.4,31.06475942637657
2017-08-07 13:00:00,2017-08-07 14:00:00,16.89512925,141.44080136082485,124.54567211082485,124.54567211082485,232.7003165,15.04746625,16.04279975,93.03,26.288424619497302
2017-04-08 15:00:00,2017-04-08 16:00:00,259.0,138.90321669228058,-120.09678330771942,120.09678330771942,419.671383,25.31401625,27.884783,76.63,51.07009856899829
2017-05-02 09:00:00,2017-05-02 10:00:00,158.0,277.52190063149186,119.52190063149186,119.52190063149186,483.0284165,12.57039975,16.09773275,52.4,45.51539004544625
