hour,records,MAE,RMSE,mean_bias,actual_mean,predicted_mean
0,226,0.2808785416214125,0.3981755760579838,-0.013845729426901729,0.0,-0.013845729426901729
1,205,0.3323533755919005,0.5460524455459084,-0.0379708216493652,0.0,-0.0379708216493652
2,201,0.34324150488358757,0.5021136775137367,0.024555219470884754,0.0,0.024555219470884754
3,182,0.29025872992165047,0.40819697178234343,-0.024757365664789567,0.0,-0.024757365664789567
4,173,0.4026736947565869,0.6557718124129488,0.05025237276040026,0.0,0.05025237276040026
5,170,1.6735630411584128,2.4980609098365862,1.1491001554450473,0.7835784313725491,1.9326785868175962
6,170,9.135398303700924,16.427768468266986,-4.186795195608342,18.117696076960783,13.930900881352441
7,182,20.70186398820031,27.42855408264243,-7.5352261311808855,66.91323569505495,59.37800956387406
8,257,30.83133298618607,39.9248728635736,15.87791526060232,107.46230724416341,123.34022250476575
9,266,30.529626657822565,40.41734381217886,16.644075168024166,132.49208121585215,149.13615638387628
10,255,27.904245770712123,37.812492965260375,10.855115556200593,154.46167294836602,165.31678850456663
11,225,29.796103586415647,40.93199172328579,13.116023892517038,155.71150306888887,168.8275269614059
12,219,28.78314115038113,38.11942225445194,13.217378041266386,156.66002693987824,169.8774049811446
13,220,33.87277005933636,46.86895954497058,16.017842688145652,142.5685979746212,158.58644066276688
14,233,27.20844820584312,37.349892548545746,12.542009966883041,115.11723523998569,127.65924520686873
15,251,23.01190763413321,31.622955505013707,8.938579926348382,74.44983648671979,83.38841641306817
16,262,13.729931154200068,20.153604184727556,4.866142140664846,38.76259328148855,43.6287354221534
17,258,5.333421740803699,10.605519718202638,-0.6588632970373226,15.977946188307493,15.31908289127017
18,259,1.4915398399662176,3.4249621225097435,0.017494101678399397,2.1790755041827543,2.196569605861154
19,277,0.4151216534634082,0.6659585255619306,-0.11030306357120599,0.09025270758122744,-0.020050355989978556
20,271,0.3200022572499039,0.5051973191956739,-0.039449376537867814,0.0,-0.039449376537867814
21,258,0.3032103802948823,0.4957070544723689,0.01984052333007568,0.0,0.01984052333007568
22,255,0.3012486457384343,0.4670438982674578,-0.0012349962055616841,0.0,-0.0012349962055616841
23,247,0.24927686512839756,0.32137782863032677,0.03452695890767467,0.0,0.03452695890767467
