feature,gain_importance,split_importance,gain_percentage
ac_power__5069,4571563673.103241,2247,64.20354122014263
poa_irradiance__5061,1424030476.861267,1952,19.999240075735237
hour_sin,302110208.8985596,523,4.242868881858518
solar_zenith_angle,301516744.36450195,1578,4.23453420090477
solar_azimuth_angle,247522282.04006958,769,3.476230054797814
module_temp__5063,89688680.69979858,1202,1.2595976606798291
PRECTOTCORR,29960128.421691895,1138,0.4207633268677919
day_of_year_sin,15000064.163574219,616,0.21066254496179532
ALLSKY_SFC_SW_DWN,13634680.965454102,414,0.19148695369582291
ambient_temp__5062,11351578.615142822,771,0.15942281408415435
RH2M,10355062.635040283,825,0.1454276344519709
T2M,9676434.434387207,749,0.1358969056315179
WD10M,9021527.485870361,815,0.12669932067566478
PS,8996186.109008789,764,0.12634342360187367
hour_cos,8981516.001831055,261,0.1261373950089808
WS10M,8164297.724945068,773,0.11466029196990465
high_cloud_cover,7754933.132080078,547,0.10891113076567424
wind_gust_10m,7686828.283172607,798,0.10795465880404577
day_of_year_cos,7591883.008300781,553,0.1066212369587468
CLOUD_AMT,7550532.616973877,782,0.10604050753138573
wind_direction_900_mb,6414823.931884766,690,0.09009049029632096
wind_speed_900_mb,6360605.314880371,663,0.08932903809732363
medium_cloud_cover,5366213.544189453,523,0.07536369109490791
low_cloud_cover,3358834.2958374023,298,0.047171836943493736
month_sin,2943792.16595459,87,0.041342939787186936
month_cos,2325139.533569336,132,0.0326545144201759
snowfall,1495805.0632324219,140,0.021007250232468116
