feature,mean_abs_shap,importance_percentage
ac_power__5069,44.59004420370349,46.228453897894276
poa_irradiance__5061,19.766627105029382,20.492928997047795
hour_sin,8.475156484136917,8.786566324413338
solar_azimuth_angle,5.902307567407642,6.119181044643018
solar_zenith_angle,5.881429999345932,6.09753635444644
module_temp__5063,1.92493816541374,1.9956677959232734
RH2M,1.2650743059345086,1.3115580007531522
PRECTOTCORR,1.2590913636081924,1.3053552221184788
T2M,1.1902226303787344,1.233955986796798
PS,0.807740414608762,0.8374199035915239
ambient_temp__5062,0.7323421602842158,0.759251227460575
WD10M,0.6657032436764821,0.690163740798017
day_of_year_sin,0.5799370859120354,0.6012462045852148
high_cloud_cover,0.4435818449581256,0.4598807477272344
ALLSKY_SFC_SW_DWN,0.39178250978268864,0.40617810578411717
WS10M,0.37707379724146856,0.39092893858206496
day_of_year_cos,0.29450237792789263,0.30532352779612315
wind_speed_900_mb,0.24788756235841353,0.25699590464625577
hour_cos,0.2406780228441917,0.2495214589261376
month_cos,0.23571859013578655,0.2443797975886238
wind_direction_900_mb,0.22045313216124313,0.22855342798507422
CLOUD_AMT,0.21451782980062925,0.22240003979164175
medium_cloud_cover,0.17288491473425818,0.179237371327168
wind_gust_10m,0.17263342778635138,0.17897664378170694
month_sin,0.14388433712124624,0.14917120097149747
low_cloud_cover,0.14270499657057337,0.14794852691386176
snowfall,0.11692339263455304,0.12121960770657614
