,count,mean,std,min,25%,50%,75%,max
ambient_temp__5062,56980.0,12.227962809229846,10.970930840066309,-27.332983,4.347241374999999,12.331441250000001,20.104745625,41.262883
module_temp__5063,56980.0,14.23846689930385,16.17017783741826,-30.45806625,2.094257875,11.921108,22.366233,70.214
poa_irradiance__5061,56980.0,192.2005548030771,287.6974783301119,0.0,0.0,7.11379975,326.8079495625,1316.28098325
T2M,56980.0,9.011513864513864,10.871578994114415,-25.18,0.2,8.6,16.98,36.94
RH2M,56980.0,50.38867813267813,21.636841432866696,5.45,32.98,50.735,65.89,100.0
WS10M,56980.0,3.8212783432783435,1.9985605487278209,0.01,2.45,3.56,4.83,16.83
WD10M,56980.0,210.6366970866971,97.05739510164095,0.0,149.2,242.7,278.1,359.9
PS,56980.0,79.02397911547912,0.5649205805951438,76.66,78.68,79.11,79.44,80.64
PRECTOTCORR,56980.0,1.3084343629343629,4.562257796598915,0.0,0.0,0.01,0.45,106.05
ALLSKY_SFC_SW_DWN,56980.0,197.67105668655668,268.680513667663,0.0,0.0,12.035,372.55,1078.53
CLOUD_AMT,56980.0,54.266887504387505,34.77268737997174,0.0,21.2575,55.345,89.79,100.0
high_cloud_cover,56980.0,0.2964300747277097,0.3573202865305798,0.0,0.0,0.099700925,0.5841675,1.0
medium_cloud_cover,56980.0,0.23574015220265532,0.3169034955892505,0.0,0.0,0.05960083,0.38248443,1.0
low_cloud_cover,56980.0,0.1281868283685223,0.2635152441060003,0.0,0.0,0.0,0.08648682,1.0
wind_gust_10m,56980.0,7.137013561096876,2.721230683497289,1.0609336,5.1560880000000004,6.880361649999999,8.710453999999999,27.498795
snowfall,56980.0,2.918898505129607e-05,0.00013869769159301212,0.0,0.0,0.0,0.0,0.003216207
wind_speed_900_mb,56980.0,2.421762394706792,1.1600690125400932,0.014990702,1.4888132,2.4258791,3.29908705,8.122971
wind_direction_900_mb,56980.0,204.81260778235733,90.68085891202826,0.0024641578,112.10221625,256.69333500000005,264.258295,359.98236
solar_zenith_angle,56980.0,89.7846198241876,36.08168075497162,16.311977161038726,61.659865725150695,89.91109560434006,117.78923355310599,163.69568865151967
solar_azimuth_angle,56980.0,181.58219166301078,101.01811026090222,0.0002349139884927,90.63482708185246,181.2433970353424,270.6399156473366,359.9953488522001
hour_sin,56980.0,-0.007101725389271628,0.7064336459865371,-1.0,-0.7071067811865477,0.0,0.7071067811865476,1.0
hour_cos,56980.0,0.0009256431825619014,0.7077554393466299,-1.0,-0.7071067811865475,-1.8369701987210294e-16,0.7071067811865476,1.0
month_sin,56980.0,0.013719118819044777,0.7105980863208614,-1.0,-0.5000000000000004,1.2246467991473532e-16,0.8660254037844386,1.0
month_cos,56980.0,-0.0021830750129232315,0.7034734725760046,-1.0,-0.5000000000000004,6.123233995736766e-17,0.5000000000000001,1.0
day_of_year_sin,56980.0,0.017507872615204725,0.7122500524868107,-0.9999994220246924,-0.7021479494046978,0.034398060613608,0.7350336741329413,0.9999855506507186
day_of_year_cos,56980.0,0.005090743711617255,0.701701479226454,-0.9999791929590824,-0.6952253139408722,0.0053757315575838,0.7029130847082615,0.9999907524084426
ac_power__5069,56980.0,64.44073437819411,100.70151079189942,0.0,0.0,0.0,104.0,383.616
