month,mean,median,std
1,38.02476617082117,0.0,72.13533703509151
2,43.210402988354204,0.0,85.53225042178876
3,68.69565481252417,0.0,108.66762600955877
4,76.24801395947685,1.0,113.0695099608198
5,83.88364827078733,12.0,113.15357529932908
6,95.69874266517357,24.0,117.38389568131682
7,85.05512004010886,16.5,109.52881631383265
8,81.70078864865484,9.0,110.0485208873547
9,72.30393030847036,1.0,104.31015528912184
10,55.764892239077916,0.0,90.1222151032708
11,42.5325629349488,0.0,76.38175392075435
12,29.413458695129734,0.0,59.88225715051359
