hour,mean,median,std
0,0.0,0.0,0.0
1,0.0,0.0,0.0
2,0.0,0.0,0.0
3,0.0,0.0,0.0
4,0.0,0.0,0.0
5,0.017664799655320983,0.0,0.14720930327804893
6,2.7183141828653707,0.0,5.143993177083822
7,23.696021720134663,11.0,27.579199940940416
8,72.2579790877451,63.0,59.99685333819107
9,128.19905621946407,133.0,84.43172130548426
10,174.91213373820952,195.5,102.45587383830296
11,203.20104376217543,235.0,112.38460314796973
12,210.74288548417408,247.0,115.78087584993467
13,202.2437934264207,227.0,113.18381279366496
14,182.31047948959215,192.0,107.86848980300338
15,148.80489415519781,147.0,97.08274212842568
16,105.8454981491228,95.0,81.02680142940841
17,60.44559170861181,45.0,57.51078843157145
18,24.566643650097262,11.0,30.365915429062056
19,5.245718370935381,0.0,8.994139975384611
20,0.34014833127317673,0.0,1.1041162052255602
21,0.0,0.0,0.0
22,0.0,0.0,0.0
23,0.0,0.0,0.0
