,ac_power__5069,ambient_temp__5062,module_temp__5063,poa_irradiance__5061,T2M,RH2M,WS10M,WD10M,PS,PRECTOTCORR,ALLSKY_SFC_SW_DWN,CLOUD_AMT,high_cloud_cover,medium_cloud_cover,low_cloud_cover,wind_gust_10m,snowfall,wind_speed_900_mb,solar_zenith_angle,solar_azimuth_angle
ac_power__5069,1.0,0.5336694616479692,0.7872168092241177,0.9522112465392575,0.5678816421095847,-0.6843240558653974,0.08484604132178857,-0.19370878253285825,0.013238714155794955,-0.028564563588346074,-0.038453174149447905,-0.25623585371736746,-0.1425391178315368,-0.23430824431737535,-0.12904274490896311,0.02823634980382827,-0.10833502928161731,0.18003952098281828,-0.7444685614432816,0.02691546826951617
ambient_temp__5062,0.5336694616479692,1.0,0.9111385902746201,0.5234627672839983,0.947295169491759,-0.5659984157965647,-0.04733998687333693,-0.14620934329135063,0.27466924553571664,-0.021118463271957114,0.29690385554555004,-0.2033487191188739,0.019008686866042703,-0.3030358199323848,-0.3676620926115341,-0.024401276598160358,-0.2678962086432777,0.028095470997137283,-0.4924982003570091,0.13770958478330808
module_temp__5063,0.7872168092241177,0.9111385902746201,1.0,0.7899877455738303,0.9002189551355051,-0.6646748304551169,-0.027939023084607644,-0.2222301808660035,0.20001140878347634,4.338642514439394e-06,0.1850990170907577,-0.22768849056477708,-0.038450631184608564,-0.27785236680505737,-0.266408542743138,-0.03218412808612525,-0.2076255835473151,0.07945321910854261,-0.6784939566548877,0.11285915165338818
poa_irradiance__5061,0.9522112465392575,0.5234627672839983,0.7899877455738303,1.0,0.5691144826659597,-0.698713801215297,0.08771749136221844,-0.1957575819224413,0.02126814168582713,-0.03329227098106383,-0.058591018691797565,-0.26596704930088105,-0.15249653849322825,-0.23407897518115894,-0.11860105648909029,0.022688338433657515,-0.09413651357343426,0.19357775587167578,-0.7701804513881342,0.01650162600748758
T2M,0.5678816421095847,0.947295169491759,0.9002189551355051,0.5691144826659597,1.0,-0.5995425870170076,-0.0796447657983,-0.19273199147678233,0.2739988909502137,0.019108948856747097,0.2237965123108294,-0.181410234939614,0.019587152273248275,-0.2683784002362675,-0.28965500979681735,-0.11010887189527074,-0.24439386964890272,0.004352009182165018,-0.6060722104286174,0.09451621608593168
RH2M,-0.6843240558653974,-0.5659984157965647,-0.6646748304551169,-0.698713801215297,-0.5995425870170076,1.0,-0.15304369747096994,0.04041456995671733,-0.007650794555461511,0.21795208858070178,-0.10165969876645421,0.4348551299269039,0.24273581151382628,0.4359609806219115,0.3609177015517865,-0.12121071101781575,0.2339769719467079,-0.25106328743944184,0.6393633972055238,-0.05769906872946901
WS10M,0.08484604132178857,-0.04733998687333693,-0.027939023084607644,0.08771749136221844,-0.0796447657983,-0.15304369747096994,1.0,0.1181627468620195,-0.24282998276711837,0.0498535737098251,-0.12105132871322419,-0.01583926519307429,-0.045077239647986,-0.0470972567498834,0.003666281697417356,0.24930151746394363,0.07268076611718773,0.17898258216862384,-0.05902937051025583,-0.06708573920478918
WD10M,-0.19370878253285825,-0.14620934329135063,-0.2222301808660035,-0.1957575819224413,-0.19273199147678233,0.04041456995671733,0.1181627468620195,1.0,-0.12720223922218696,-0.170054645612991,-0.1707163777174682,-0.024014777325346695,0.011480937034367474,-0.09771686332393645,-0.17197278525848453,0.13482832812948115,-0.10205683145559617,0.08836018605831708,0.2626607347464393,-0.14328236824090548
PS,0.013238714155794955,0.27466924553571664,0.20001140878347634,0.02126814168582713,0.2739988909502137,-0.007650794555461511,-0.24282998276711837,-0.12720223922218696,1.0,-0.03187426707513602,0.03146935885926782,-0.13352202335672522,-0.07713949384801498,-0.12720288307437463,-0.03410988422565884,-0.21224613106739104,-0.08256731471905762,-0.06661134236085922,-0.03330953720214629,-0.014171187519028
PRECTOTCORR,-0.028564563588346074,-0.021118463271957114,4.338642514439394e-06,-0.03329227098106383,0.019108948856747097,0.21795208858070178,0.0498535737098251,-0.170054645612991,-0.03187426707513602,1.0,0.023239839966377643,0.20862034159610607,0.13932500048304464,0.2159477110635347,0.25563572705861887,-0.04416777859998263,0.17303363119141343,-0.09146717813445517,-0.09749816792880646,0.05550832925288972
ALLSKY_SFC_SW_DWN,-0.038453174149447905,0.29690385554555004,0.1850990170907577,-0.058591018691797565,0.2237965123108294,-0.10165969876645421,-0.12105132871322419,-0.1707163777174682,0.03146935885926782,0.023239839966377643,1.0,-0.08118088717018546,-0.06943984548394304,-0.02563207009047798,-0.10001583021375776,0.15221745398153083,-0.08871098337917868,-0.22579096224641323,-0.014143074159188513,0.6745291539863402
CLOUD_AMT,-0.25623585371736746,-0.2033487191188739,-0.22768849056477708,-0.26596704930088105,-0.181410234939614,0.4348551299269039,-0.01583926519307429,-0.024014777325346695,-0.13352202335672522,0.20862034159610607,-0.08118088717018546,1.0,0.6158809138678668,0.598888042730353,0.35275146327933754,-0.016245137669098218,0.22523374036316307,-0.16963295472593734,0.15407903858159652,0.07207163173451386
high_cloud_cover,-0.1425391178315368,0.019008686866042703,-0.038450631184608564,-0.15249653849322825,0.019587152273248275,0.24273581151382628,-0.045077239647986,0.011480937034367474,-0.07713949384801498,0.13932500048304464,-0.06943984548394304,0.6158809138678668,1.0,0.4199438682038057,0.08009408312975035,-0.05940491256096387,0.0795335303332739,-0.08987058964401748,0.08191490438604486,0.021404591815571153
medium_cloud_cover,-0.23430824431737535,-0.3030358199323848,-0.27785236680505737,-0.23407897518115894,-0.2683784002362675,0.4359609806219115,-0.0470972567498834,-0.09771686332393645,-0.12720288307437463,0.2159477110635347,-0.02563207009047798,0.598888042730353,0.4199438682038057,1.0,0.5153248760157946,-0.0867094270769042,0.39600808138148813,-0.2109288298140706,0.13854029858923445,0.09307603071378863
low_cloud_cover,-0.12904274490896311,-0.3676620926115341,-0.266408542743138,-0.11860105648909029,-0.28965500979681735,0.3609177015517865,0.003666281697417356,-0.17197278525848453,-0.03410988422565884,0.25563572705861887,-0.10001583021375776,0.35275146327933754,0.08009408312975035,0.5153248760157946,1.0,-0.11565432057466804,0.5002769871050642,-0.21508587032370413,-0.004685964972235562,-0.00629549668388546
wind_gust_10m,0.02823634980382827,-0.024401276598160358,-0.03218412808612525,0.022688338433657515,-0.11010887189527074,-0.12121071101781575,0.24930151746394363,0.13482832812948115,-0.21224613106739104,-0.04416777859998263,0.15221745398153083,-0.016245137669098218,-0.05940491256096387,-0.0867094270769042,-0.11565432057466804,1.0,0.006364160165359013,0.5457534332586663,0.02468364229447567,0.24539901687988164
snowfall,-0.10833502928161731,-0.2678962086432777,-0.2076255835473151,-0.09413651357343426,-0.24439386964890272,0.2339769719467079,0.07268076611718773,-0.10205683145559617,-0.08256731471905762,0.17303363119141343,-0.08871098337917868,0.22523374036316307,0.0795335303332739,0.39600808138148813,0.5002769871050642,0.006364160165359013,1.0,-0.06414966819715112,0.02938705191023523,-0.012934206220115735
wind_speed_900_mb,0.18003952098281828,0.028095470997137283,0.07945321910854261,0.19357775587167578,0.004352009182165018,-0.25106328743944184,0.17898258216862384,0.08836018605831708,-0.06661134236085922,-0.09146717813445517,-0.22579096224641323,-0.16963295472593734,-0.08987058964401748,-0.2109288298140706,-0.21508587032370413,0.5457534332586663,-0.06414966819715112,1.0,-0.18478764317838905,-0.12200449055468535
solar_zenith_angle,-0.7444685614432816,-0.4924982003570091,-0.6784939566548877,-0.7701804513881342,-0.6060722104286174,0.6393633972055238,-0.05902937051025583,0.2626607347464393,-0.03330953720214629,-0.09749816792880646,-0.014143074159188513,0.15407903858159652,0.08191490438604486,0.13854029858923445,-0.004685964972235562,0.02468364229447567,0.02938705191023523,-0.18478764317838905,1.0,0.012775122632401254
solar_azimuth_angle,0.02691546826951617,0.13770958478330808,0.11285915165338818,0.01650162600748758,0.09451621608593168,-0.05769906872946901,-0.06708573920478918,-0.14328236824090548,-0.014171187519028,0.05550832925288972,0.6745291539863402,0.07207163173451386,0.021404591815571153,0.09307603071378863,-0.00629549668388546,0.24539901687988164,-0.012934206220115735,-0.12200449055468535,0.012775122632401254,1.0
