,correlation_with_ac_power
ac_power__5069,1.0
poa_irradiance__5061,0.9522112465392575
module_temp__5063,0.7872168092241177
T2M,0.5678816421095847
ambient_temp__5062,0.5336694616479692
wind_speed_900_mb,0.18003952098281828
WS10M,0.08484604132178857
wind_gust_10m,0.02823634980382827
solar_azimuth_angle,0.02691546826951617
PS,0.013238714155794955
PRECTOTCORR,-0.028564563588346074
ALLSKY_SFC_SW_DWN,-0.038453174149447905
snowfall,-0.10833502928161731
low_cloud_cover,-0.12904274490896311
high_cloud_cover,-0.1425391178315368
WD10M,-0.19370878253285825
medium_cloud_cover,-0.23430824431737535
CLOUD_AMT,-0.25623585371736746
RH2M,-0.6843240558653974
solar_zenith_angle,-0.7444685614432816
