hour,1,2,3,4,5,6,7,8,9,10,11,12
0,0.0,0.0,0.0,0.0,0.0,0.0,0.0,0.0,0.0,0.0,0.0,0.0
1,0.0,0.0,0.0,0.0,0.0,0.0,0.0,0.0,0.0,0.0,0.0,0.0
2,0.0,0.0,0.0,0.0,0.0,0.0,0.0,0.0,0.0,0.0,0.0,0.0
3,0.0,0.0,0.0,0.0,0.0,0.0,0.0,0.0,0.0,0.0,0.0,0.0
4,0.0,0.0,0.0,0.0,0.0,0.0,0.0,0.0,0.0,0.0,0.0,0.0
5,0.0,0.0,0.0,0.0,0.0,0.20540540540540542,0.010256410256410256,0.005050505050505051,0.0,0.0,0.0,0.0
6,0.0,0.0,0.046296296296296294,1.1274509803921569,8.25925925925926,13.699453551912569,6.572222807017544,3.2300949913644215,0.11932624113475178,0.04838709677419355,0.027472527472527472,0.010416666666666666
7,0.6417091836734694,1.6702127659574468,6.055555555555555,28.214634146341464,51.13131313131313,69.1304347826087,50.28041361256544,40.41300537634409,17.661612021857923,10.272992753623187,7.180092592592593,3.3369982534904015
8,14.624715275000002,17.75531914893617,49.29577464788732,92.26494685990339,119.47049441786284,144.55261319073082,122.22093298059966,114.48492893401014,79.43532986111111,57.55251887848932,36.529145297435896,22.001579209166668
9,54.71877072512438,64.71808510638297,114.14150943396227,152.57056796116504,179.08593457943925,209.9333333333333,186.18069680851062,179.79564218851132,143.0654738869637,114.36378813083735,84.75630404353234,55.69361150253807
10,101.38679900000001,108.51063829787235,173.31308411214954,202.25365853658536,224.03220611916262,260.8365875706215,236.6852972972973,235.60428346356784,195.85614375985222,161.64935780267297,125.02157660436895,84.14473810563973
11,134.03967448727423,138.67021276595744,218.05607476635515,222.7297756097561,243.43414634146342,277.89627528089886,263.99821014492755,275.0327342755377,230.7710190054714,188.51097583373206,156.2750048006536,104.109293933665
12,150.3523721461412,154.3893612565445,230.47196261682242,231.59738211382114,241.1691056910569,274.8499742173112,261.326976702509,270.889019734319,246.40148014682538,198.97360138944723,160.8267069726431,119.53020908952145
13,149.68487779679802,155.06878306878306,229.98790654205607,228.5459983660131,225.81833492063492,259.35135135135135,233.56361780104712,250.55683870945944,240.17026530270272,189.22815603486393,152.74979987843642,118.00417675866338
14,130.14656118458333,143.85355789473684,216.4725140186916,219.54492647058825,210.5449241706161,239.58069175627242,210.01421833333333,214.67095657352942,210.0328737172939,164.42697997680412,129.69480681770833,96.68651297474747
15,94.23928008170732,122.2578947368421,181.39970232558142,182.8023905228758,185.848220657277,203.55395340501792,182.141715,177.04968440917108,174.9696623018018,130.79109715850515,89.41712188034188,61.01556800708333
16,53.881448258090614,85.23684210526316,137.71296744186046,137.51778317152105,149.04144657097288,167.05996825396824,148.10153936348408,132.78169923589067,122.77829868423423,76.9947140854484,40.44883170547386,23.10801694105691
17,15.222553398058253,40.23560209424084,79.30662345679012,88.72581788617887,102.59808612440192,116.88511816578483,99.04675820379966,84.41262363525306,67.05077997727273,25.951840339166665,7.029017302955665,3.127450980392157
18,0.2912621359223301,5.884816753926701,22.830246913580247,36.98398067632851,51.11755233494364,65.17132280701755,56.80877192982456,40.71693001152482,18.583125368351062,1.2315743468899523,0.004878048780487805,0.0
19,0.0,0.0,0.5898617511520737,5.058724637681159,12.063492063492065,21.400894353369765,17.187197132616486,8.633491652417963,0.764102564102564,0.0,0.0,0.0
20,0.0,0.0,0.0,0.0,0.3767441860465116,2.2628681318681316,1.6080106951871658,0.15763546798029557,0.0,0.0,0.0,0.0
21,0.0,0.0,0.0,0.0,0.0,0.0,0.0,0.0,0.0,0.0,0.0,0.0
22,0.0,0.0,0.0,0.0,0.0,0.0,0.0,0.0,0.0,0.0,0.0,0.0
23,0.0,0.0,0.0,0.0,0.0,0.0,0.0,0.0,0.0,0.0,0.0,0.0
