timestamp,ac_power__5069,ac_change_1h,absolute_ac_change_1h
2013-05-29 10:00:00,331.0,293.0,293.0
2014-05-21 14:00:00,314.0,291.0,291.0
2017-05-08 13:00:00,45.333333333333336,-290.6666666666667,290.6666666666667
2013-06-07 15:00:00,43.0,-287.0,287.0
2012-07-30 14:00:00,35.0,-282.0,282.0
2013-07-06 13:00:00,36.0,-271.0,271.0
2011-03-18 12:00:00,318.0,266.0,266.0
2015-06-01 14:00:00,298.0,265.0,265.0
2016-06-13 15:00:00,41.0,-263.0,263.0
2013-09-09 14:00:00,64.0,-256.0,256.0
2011-08-25 15:00:00,64.0,-256.0,256.0
2011-07-19 15:00:00,63.0,-249.0,249.0
2014-08-07 12:00:00,7.0,-249.0,249.0
2016-05-06 14:00:00,67.0,-247.0,247.0
2017-07-08 15:00:00,32.0,-242.0,242.0
2016-08-19 15:00:00,35.0,-241.0,241.0
2012-05-06 15:00:00,103.0,-240.0,240.0
2016-06-13 12:00:00,285.0,240.0,240.0
2012-07-01 12:00:00,325.0,239.0,239.0
2014-07-24 12:00:00,72.0,-239.0,239.0
2011-04-04 16:00:00,81.0,-236.0,236.0
2012-07-29 14:00:00,51.0,-236.0,236.0
2016-05-23 14:00:00,277.0,235.0,235.0
2013-05-29 13:00:00,300.0,235.0,235.0
2012-06-27 14:00:00,18.0,-234.0,234.0
2012-06-07 12:00:00,75.0,-233.0,233.0
2011-06-11 14:00:00,323.0,232.0,232.0
2015-06-11 13:00:00,285.0,231.0,231.0
2014-06-06 12:00:00,30.0,-231.0,231.0
2015-06-16 15:00:00,297.0,231.0,231.0
2014-10-01 15:00:00,245.0,230.0,230.0
2011-03-14 11:00:00,273.0,230.0,230.0
2014-05-24 16:00:00,53.0,-229.0,229.0
2016-06-29 14:00:00,115.0,-228.0,228.0
2017-04-27 14:00:00,315.0,227.0,227.0
2013-05-20 16:00:00,24.0,-227.0,227.0
2012-07-19 14:00:00,80.0,-227.0,227.0
2012-07-16 15:00:00,45.0,-225.0,225.0
2016-06-13 16:00:00,266.0,225.0,225.0
2016-09-24 14:00:00,38.0,-224.0,224.0
2012-07-31 13:00:00,38.0,-224.0,224.0
2015-08-17 14:00:00,27.0,-222.0,222.0
2013-03-21 11:00:00,331.0,222.0,222.0
2012-10-10 13:00:00,286.0,222.0,222.0
2016-05-23 12:00:00,54.0,-221.0,221.0
2013-08-12 14:00:00,300.0,219.0,219.0
2017-05-07 15:00:00,38.0,-219.0,219.0
2011-07-16 12:00:00,337.0,218.43733333333336,218.43733333333336
2013-05-10 14:00:00,111.0,-218.0,218.0
2016-05-08 13:00:00,111.0,-218.0,218.0
