date,daily_gross_energy
2010-12-31,11.0
2011-01-01,597.0
2011-01-02,1332.0
2011-01-03,1524.0
2011-01-04,1554.0
2011-01-05,671.0
2011-01-06,1484.0
2011-01-07,875.0
2011-01-08,759.0
2011-01-09,0.0
2011-01-10,4.0
2011-01-11,7.0
2011-01-12,22.0
2011-01-13,224.0
2011-01-14,881.0
2011-01-15,404.0
2011-01-16,417.0
2011-01-17,715.0
2011-01-18,762.0
2011-01-19,543.0
2011-01-20,332.0
2011-01-21,1042.0
2011-01-22,1048.0
2011-01-23,671.0
2011-01-24,535.0
2011-01-25,757.0
2011-01-26,985.0
2011-01-27,1341.0
2011-01-28,1707.0
2011-01-29,1635.0
2011-01-30,1075.0
2011-01-31,109.0
2011-02-01,134.0
2011-02-02,254.0
2011-02-03,162.0
2011-02-04,465.0
2011-02-05,679.0
2011-02-06,0.0
2011-02-07,0.0
2011-02-08,0.0
2011-02-09,0.0
2011-02-10,1.0
2011-02-11,11.0
2011-02-12,58.0
2011-02-13,1639.0
2011-02-14,1562.0
2011-02-15,1916.0
2011-02-16,2087.0
2011-02-17,1756.0
2011-02-18,1930.0
2011-02-19,2007.0
2011-02-20,2302.0
2011-02-21,2279.0
2011-02-22,2213.0
2011-02-23,2237.0
2011-02-24,2084.0
2011-02-25,333.0
2011-02-26,2250.0
2011-02-27,1058.0
2011-02-28,2158.0
2011-03-01,2292.0
2011-03-02,2113.0
2011-03-03,1956.0
2011-03-04,1993.0
2011-03-05,1834.0
2011-03-06,1132.0
2011-03-07,122.0
2011-03-08,859.0
2011-03-09,2369.0
2011-03-10,2404.0
2011-03-11,1912.0
2011-03-12,1615.0
2011-03-13,2259.0
2011-03-14,1871.0
2011-03-15,1608.0
2011-03-16,1988.0
2011-03-17,2154.0
2011-03-18,1691.0
2011-03-19,2373.0
2011-03-20,1886.0
2011-03-21,2309.0
2011-03-22,2469.0
2011-03-23,2696.0
2011-03-24,2022.0
2011-03-25,1231.0
2011-03-26,2304.0
2011-03-27,2572.0
2011-03-28,1557.0
2011-03-29,2752.0
2011-03-30,2210.0
2011-03-31,2238.0
2011-04-01,2210.0
2011-04-02,2539.0
2011-04-03,581.0
2011-04-04,1828.0
2011-04-05,2756.0
2011-04-06,562.0
2011-04-07,2232.0
2011-04-08,2412.0
2011-04-09,2561.0
2011-04-10,2609.0
2011-04-11,276.82099999999997
2011-04-12,2.019999999999998
2011-04-13,2.0309999999999975
2011-04-14,1111.128
2011-04-15,3080.0
2011-04-16,2485.0
2011-04-17,2420.0
2011-04-18,1796.0
2011-04-19,2056.0
2011-04-20,1181.0
2011-04-21,2621.0
2011-04-22,2983.0
2011-04-23,1868.0
2011-04-24,943.0
2011-04-25,1894.0
2011-04-26,1665.0
2011-04-27,2965.0
2011-04-28,2848.0
2011-04-29,2061.0
2011-04-30,2501.0
2011-05-01,2017.0
2011-05-02,2239.0
2011-05-03,2342.0
2011-05-04,2248.0
2011-05-05,3093.0
2011-05-06,2350.0
2011-05-07,2589.0
2011-05-08,2984.0
2011-05-09,2651.0
2011-05-10,2698.0
2011-05-11,285.0
2011-05-12,962.0
2011-05-13,3010.0
2011-05-14,101.0
2011-05-15,751.0
2011-05-16,2358.0
2011-05-17,1826.0
2011-05-18,862.0
2011-05-19,495.0
2011-05-20,2154.0
2011-05-21,2087.0
2011-05-22,2088.0
2011-05-23,1799.0
2011-05-24,643.0
2011-05-25,2373.0
2011-05-26,2057.0
2011-05-27,2627.0
2011-05-28,2391.0
2011-05-29,2389.0
2011-05-30,2755.0
2011-05-31,3122.0
2011-06-01,1746.0
2011-06-02,2767.0
2011-06-03,2583.0
2011-06-04,2703.0
2011-06-05,2569.0
2011-06-06,2382.0
2011-06-07,3066.0
2011-06-08,2332.0
2011-06-09,1299.0
2011-06-10,2815.0
2011-06-11,2265.0
2011-06-12,2558.0
2011-06-13,2503.0
2011-06-14,3138.0
2011-06-15,3054.0
2011-06-16,2181.0
2011-06-17,2116.0
2011-06-18,2519.0
2011-06-19,1699.0
2011-06-20,1437.0
2011-06-21,2458.0
2011-06-22,3050.0
2011-06-23,2521.0
2011-06-24,2827.0
2011-06-25,164.0
2011-06-26,3050.0
2011-06-27,2619.0
2011-06-28,2519.0
2011-06-29,2140.0
2011-06-30,1691.0
2011-07-01,2714.0
2011-07-02,2573.0
2011-07-03,2613.0
2011-07-04,2931.0
2011-07-05,1659.0
2011-07-06,2214.0
2011-07-07,2007.0
2011-07-08,2287.0
2011-07-09,1946.0
2011-07-10,1581.0
2011-07-11,1590.0
2011-07-12,2028.0
2011-07-13,2595.0
2011-07-14,1809.0
2011-07-15,2824.0
2011-07-16,1551.0
2011-07-17,2845.0
2011-07-18,2745.0
2011-07-19,1989.0
2011-07-20,2356.0
2011-07-21,2332.0
2011-07-22,2536.0
2011-07-23,2743.0
2011-07-24,2826.0
2011-07-25,2421.0
2011-07-26,1819.0
2011-07-27,2056.0
2011-07-28,2427.0
2011-07-29,2665.0
2011-07-30,2836.0
2011-07-31,2697.0
2011-08-01,1675.0
2011-08-02,1598.0
2011-08-03,2239.0
2011-08-04,1640.0
2011-08-05,2658.0
2011-08-06,2541.0
2011-08-07,2687.0
2011-08-08,2935.0
2011-08-09,2485.0
2011-08-10,2269.0
2011-08-11,2323.0
2011-08-12,2744.0
2011-08-13,2753.0
2011-08-14,1641.0
2011-08-15,2360.0
2011-08-16,1998.0
2011-08-17,2576.0
2011-08-18,2440.0
2011-08-19,1213.0
2011-08-20,2701.0
2011-08-21,1673.0
2011-08-22,2184.0
2011-08-23,2458.0
2011-08-24,2127.0
2011-08-25,2054.0
2011-08-26,1835.0
2011-08-27,1967.0
2011-08-28,1952.0
2011-08-29,1886.0
2011-08-30,1984.0
2011-08-31,2045.0
2011-09-01,1984.0
2011-09-02,2043.0
2011-09-03,2536.0
2011-09-04,2647.0
2011-09-05,2229.0
2011-09-06,798.0
2011-09-07,272.0
2011-09-08,2271.0
2011-09-09,2526.0
2011-09-10,2547.0
2011-09-11,2385.0
2011-09-12,1937.0
2011-09-13,1580.0
2011-09-14,428.0
2011-09-15,1274.0
2011-09-16,2112.0
2011-09-17,1401.0
2011-09-18,2436.0
2011-09-19,2292.0
2011-09-20,1779.0
2011-09-21,2394.0
2011-09-22,2438.0
2011-09-23,2292.0
2011-09-24,2225.0
2011-09-25,2269.0
2011-09-26,2052.0
2011-09-27,2200.0
2011-09-28,2246.0
2011-09-29,1932.0
2011-09-30,2234.0
2011-10-01,1825.0
2011-10-02,1585.0
2011-10-03,2036.0
2011-10-04,1443.0
2011-10-05,1807.0
2011-10-06,1951.0
2011-10-07,2342.0
2011-10-08,601.0
2011-10-09,1903.0
2011-10-10,2216.0
2011-10-11,1811.0
2011-10-12,2305.0
2011-10-13,2111.0
2011-10-14,2124.0
2011-10-15,1619.0
2011-10-16,1871.0
2011-10-17,724.0
2011-10-18,1920.0
2011-10-19,2089.0
2011-10-20,2033.0
2011-10-21,1751.0
2011-10-22,1869.0
2011-10-23,2016.0
2011-10-24,1927.0
2011-10-25,1235.0
2011-10-26,0.0
2011-10-27,0.0
2011-10-28,5.0
2011-10-29,64.0
2011-10-30,1726.0
2011-10-31,1833.0
2011-11-01,620.0
2011-11-02,1.0
2011-11-03,31.0
2011-11-04,521.0
2011-11-05,959.0
2011-11-06,1852.0
2011-11-07,1504.0
2011-11-08,1757.0
2011-11-09,1752.0
2011-11-10,1714.0
2011-11-11,1174.0
2011-11-12,1316.0
2011-11-13,1200.0
2011-11-14,1578.0
2011-11-15,1550.0
2011-11-16,1770.0
2011-11-17,1203.0
2011-11-18,1640.0
2011-11-19,1520.0
2011-11-20,1501.0
2011-11-21,917.0
2011-11-22,1147.0
2011-11-23,1252.0
2011-11-24,1381.0
2011-11-25,877.0
2011-11-26,1634.0
2011-11-27,1514.0
2011-11-28,297.0
2011-11-29,1484.0
2011-11-30,1246.0
2011-12-01,22.0
2011-12-02,312.0
2011-12-03,32.0
2011-12-04,114.0
2011-12-05,13.0
2011-12-06,158.0
2011-12-07,364.0
2011-12-08,362.0
2011-12-09,456.0
2011-12-10,511.0
2011-12-11,661.0
2011-12-12,591.0
2011-12-13,973.0
2011-12-14,1157.0
2011-12-15,1417.0
2011-12-16,1442.0
2011-12-17,1419.0
2011-12-18,1365.0
2011-12-19,69.0
2011-12-20,710.0
2011-12-21,733.0
2011-12-22,15.0
2011-12-23,160.0
2011-12-24,260.0
2011-12-25,429.0
2011-12-26,405.0
2011-12-27,975.0
2011-12-28,750.0
2011-12-29,1081.0
2011-12-30,910.0
2011-12-31,1417.0
2012-01-01,1423.0
2012-01-02,1462.0
2012-01-03,466.0
2012-01-04,1240.0
2012-01-05,1432.0
2012-01-06,1328.0
2012-01-07,603.0
2012-01-08,17.0
2012-01-09,569.0
2012-01-10,1513.0
2012-01-11,12.0
2012-01-12,1228.0
2012-01-13,838.0
2012-01-14,1042.0
2012-01-15,749.0
2012-01-16,1235.0
2012-01-17,851.0
2012-01-18,838.0
2012-01-19,1652.0
2012-01-20,1563.0
2012-01-21,1148.0
2012-01-22,1256.0
2012-01-23,1479.0
2012-01-24,223.0
2012-01-25,1539.0
2012-01-26,1658.0
2012-01-27,482.0
2012-01-28,1208.0
2012-01-29,953.0
2012-01-30,1156.0
2012-01-31,1493.0
2012-02-01,1700.0
2012-02-02,1195.0
2012-02-03,0.0
2012-02-04,0.0
2012-02-05,1.0
2012-02-06,1.0
2012-02-07,0.0
2012-02-08,0.0
2012-02-09,11.0
2012-02-10,47.0
2012-02-11,26.0
2012-02-12,29.0
2012-02-13,77.0
2012-02-14,136.0
2012-02-15,63.0
2012-02-16,298.0
2012-02-17,517.0
2012-02-18,991.0
2012-02-19,1308.0
2012-02-20,1832.0
2012-02-21,1651.0
2012-02-22,1270.0
2012-02-23,2.0
2012-02-24,15.0
2012-02-25,1034.0
2012-02-26,2389.0
2012-02-27,2081.0
2012-02-28,970.0
2012-02-29,2238.0
2012-03-01,943.0
2012-03-02,1380.0
2012-03-03,83.0
2012-03-04,2365.0
2012-03-05,2325.0
2012-03-06,2230.0
2012-03-07,254.0
2012-03-08,2422.0
2012-03-09,2384.0
2012-03-10,2285.0
2012-03-11,1687.0
2012-03-12,2069.0
2012-03-13,2342.0
2012-03-14,2256.0
2012-03-15,1894.0
2012-03-16,2234.0
2012-03-17,1709.0
2012-03-18,1809.0
2012-03-19,1977.0
2012-03-20,2548.0
2012-03-21,2408.0
2012-03-22,2489.0
2012-03-23,2464.0
2012-03-24,2476.0
2012-03-25,1590.0
2012-03-26,2032.0
2012-03-27,2371.0
2012-03-28,2322.0
2012-03-29,2442.0
2012-03-30,2434.0
2012-03-31,2438.0
2012-04-01,2604.0
2012-04-02,173.0
2012-04-03,4.0
2012-04-04,1582.0
2012-04-05,2289.0
2012-04-06,2816.0
2012-04-07,2803.0
2012-04-08,2755.0
2012-04-09,2699.0
2012-04-10,2604.0
2012-04-11,1955.0
2012-04-12,1827.0
2012-04-13,2337.0
2012-04-14,1732.0
2012-04-15,876.0
2012-04-16,2415.0
2012-04-17,2406.0
2012-04-18,2272.0
2012-04-19,2006.0
2012-04-20,2808.0
2012-04-21,2535.0
2012-04-22,2840.0
2012-04-23,2648.0
2012-04-24,2265.0
2012-04-25,1663.0
2012-04-26,1880.0
2012-04-27,2907.0
2012-04-28,2551.0
2012-04-29,2897.0
2012-04-30,2917.0
2012-05-01,1987.0
2012-05-02,2159.0
2012-05-03,2673.0
2012-05-04,2905.0
2012-05-05,2447.0
2012-05-06,2314.0
2012-05-07,831.0
2012-05-08,3022.0
2012-05-09,2986.0
2012-05-10,2693.0
2012-05-11,550.0
2012-05-12,875.0
2012-05-13,1356.0
2012-05-14,3003.0
2012-05-15,2982.0
2012-05-16,1474.0
2012-05-17,2242.0
2012-05-18,1721.0
2012-05-19,836.0
2012-05-20,2656.0
2012-05-21,2524.0
2012-05-22,2056.0
2012-05-23,1426.0
2012-05-24,3185.0
2012-05-25,2541.0
2012-05-26,2848.0
2012-05-27,2787.0
2012-05-28,3055.0
2012-05-29,2868.0
2012-05-30,2921.0
2012-05-31,2895.0
2012-06-01,2630.0
2012-06-02,1320.0
2012-06-03,2087.0
2012-06-04,2716.0
2012-06-05,2616.0
2012-06-06,2492.0
2012-06-07,2002.0
2012-06-08,2975.0
2012-06-09,2862.0
2012-06-10,3099.0
2012-06-11,2904.0
2012-06-12,2432.0
2012-06-13,2008.0
2012-06-14,1610.0
2012-06-15,1140.0
2012-06-16,1145.0
2012-06-17,1782.0
2012-06-18,1689.0
2012-06-19,1697.0
2012-06-20,906.0
2012-06-21,2646.0
2012-06-22,2416.0
2012-06-23,2772.0
2012-06-24,2338.0
2012-06-25,2696.0
2012-06-26,1750.0
2012-06-27,1537.0
2012-06-28,1399.0
2012-06-29,1953.0
2012-06-30,2061.0
2012-07-01,2365.0
2012-07-02,2155.0
2012-07-03,1312.0
2012-07-04,2606.0
2012-07-05,2393.0
2012-07-06,1889.0
2012-07-07,1859.0
2012-07-08,999.0
2012-07-09,1892.0
2012-07-10,2521.0
2012-07-11,2377.0
2012-07-12,2526.0
2012-07-13,2801.0
2012-07-14,2153.0
2012-07-15,2328.0
2012-07-16,2007.0
2012-07-17,2564.0
2012-07-18,2501.0
2012-07-19,2194.0
2012-07-20,2815.0
2012-07-21,2696.0
2012-07-22,2291.0
2012-07-23,2269.0
2012-07-24,2348.0
2012-07-25,2144.0
2012-07-26,2766.0
2012-07-27,1660.0
2012-07-28,2096.0
2012-07-29,1902.0
2012-07-30,1988.0
2012-07-31,2283.0
2012-08-01,1716.0
2012-08-02,2245.0
2012-08-03,2430.0
2012-08-04,2809.0
2012-08-05,2676.0
2012-08-06,1532.0
2012-08-07,2471.0
2012-08-08,2634.0
2012-08-09,2264.0
2012-08-10,2337.0
2012-08-11,1536.0
2012-08-12,2715.0
2012-08-13,1015.0
2012-08-14,2471.0
2012-08-15,1749.0
2012-08-16,2121.0
2012-08-17,2455.0
2012-08-18,2618.0
2012-08-19,2706.0
2012-08-20,1416.0
2012-08-21,2539.0
2012-08-22,1366.0
2012-08-23,1446.0
2012-08-24,1569.0
2012-08-25,2362.0
2012-08-26,2587.0
2012-08-27,1724.0
2012-08-28,1807.0
2012-08-29,1727.0
2012-08-30,1950.0
2012-08-31,2240.0
2012-09-01,1668.0
2012-09-02,1903.0
2012-09-03,2113.0
2012-09-04,2411.0
2012-09-05,2564.0
2012-09-06,2007.0
2012-09-07,2068.0
2012-09-08,1719.0
2012-09-09,1455.0
2012-09-10,1331.0
2012-09-11,693.0
2012-09-12,271.0
2012-09-13,1448.0
2012-09-14,1468.0
2012-09-15,1377.0
2012-09-16,1285.0
2012-09-17,786.0
2012-09-18,1362.0
2012-09-19,1238.0
2012-09-20,1276.0
2012-09-21,1238.0
2012-09-22,1277.0
2012-09-23,1113.0
2012-09-24,636.0
2012-09-25,568.0
2012-09-26,728.0
2012-09-27,640.0
2012-09-28,1268.0
2012-09-29,1306.0
2012-09-30,1004.0
2012-10-01,1074.0
2012-10-02,1285.0
2012-10-03,1203.0
2012-10-04,656.0
2012-10-05,46.0
2012-10-06,172.0
2012-10-07,1367.0
2012-10-08,1306.0
2012-10-09,698.0
2012-10-10,972.0
2012-10-11,1163.0
2012-10-12,663.0
2012-10-13,449.0
2012-10-14,1218.0
2012-10-15,1195.0
2012-10-16,1001.0
2012-10-17,2030.0
2012-10-18,1258.0
2012-10-19,539.0
2012-10-20,643.0
2012-10-21,1145.0
2012-10-22,1087.0
2012-10-23,1040.0
2012-10-24,351.0
2012-10-25,0.0
2012-10-26,8.0
2012-10-27,45.0
2012-10-28,387.0
2012-10-29,605.0
2012-10-30,797.0
2012-10-31,1012.0
2012-11-01,801.0
2012-11-02,455.0
2012-11-03,839.0
2012-11-04,586.0
2012-11-05,795.0
2012-11-06,973.0
2012-11-07,979.0
2012-11-08,741.0
2012-11-09,948.0
2012-11-10,107.0
2012-11-11,55.0
2012-11-12,763.0
2012-11-13,932.0
2012-11-14,894.0
2012-11-15,568.0
2012-11-16,811.0
2012-11-17,814.0
2012-11-18,908.0
2012-11-19,359.0
2012-11-20,893.0
2012-11-21,938.0
2012-11-22,934.0
2012-11-23,904.0
2012-11-24,100.0
2012-11-25,674.0
2012-11-26,91.0
2012-11-27,470.0
2012-11-28,335.0
2012-11-29,629.0
2012-11-30,703.0
2012-12-01,749.0
2012-12-02,711.0
2012-12-03,736.0
2012-12-04,403.0
2012-12-05,670.0
2012-12-06,377.0
2012-12-07,706.0
2012-12-08,724.0
2012-12-09,105.0
2012-12-10,386.0
2012-12-11,666.0
2012-12-12,739.0
2012-12-13,654.0
2012-12-14,417.0
2012-12-15,246.0
2012-12-16,560.0
2012-12-17,846.0
2012-12-18,467.0
2012-12-19,50.0
2012-12-20,0.0
2012-12-21,0.0
2012-12-22,0.0
2012-12-23,0.0
2012-12-24,0.0
2012-12-25,0.0
2012-12-26,0.0
2012-12-27,0.0
2012-12-28,0.0
2012-12-29,0.0
2012-12-30,0.0
2012-12-31,0.0
2013-01-01,0.0
2013-01-02,0.0
2013-01-03,0.0
2013-01-04,0.0
2013-01-05,0.0
2013-01-06,0.0
2013-01-07,0.0
2013-01-08,0.0
2013-01-09,0.0
2013-01-10,0.0
2013-01-11,0.0
2013-01-12,0.0
2013-01-13,0.0
2013-01-14,0.0
2013-01-15,0.0
2013-01-16,0.0
2013-01-17,0.0
2013-01-18,0.0
2013-01-19,0.0
2013-01-20,0.0
2013-01-21,0.0
2013-01-22,941.0
2013-01-23,342.0
2013-01-24,1265.0
2013-01-25,1218.0
2013-01-26,807.0
2013-01-27,1569.0
2013-01-28,1197.0
2013-01-29,5.0
2013-01-30,497.0
2013-01-31,1526.0
2013-02-01,1841.0
2013-02-02,1597.0
2013-02-03,819.0
2013-02-04,651.0
2013-02-05,1684.0
2013-02-06,760.0
2013-02-07,1971.0
2013-02-08,1556.0
2013-02-09,1020.0
2013-02-10,173.0
2013-02-11,239.0
2013-02-12,1932.0
2013-02-13,1162.0
2013-02-14,363.0
2013-02-15,934.0
2013-02-16,1894.0
2013-02-17,1704.0
2013-02-18,2219.0
2013-02-19,1771.0
2013-02-20,1174.0
2013-02-21,3.0
2013-02-22,5.0
2013-02-23,51.0
2013-02-24,2.0
2013-02-25,44.0
2013-02-26,26.0
2013-02-27,230.0
2013-02-28,354.0
2013-03-01,608.0
2013-03-02,1.0
2013-03-03,1638.0
2013-03-04,308.0
2013-03-05,1994.0
2013-03-06,2147.0
2013-03-07,2289.0
2013-03-08,1204.0
2013-03-09,0.0
2013-03-10,14.0
2013-03-11,403.0
2013-03-12,4.0
2013-03-13,1264.0
2013-03-14,2319.0
2013-03-15,1876.0
2013-03-16,906.0
2013-03-17,2157.0
2013-03-18,2639.0
2013-03-19,2583.0
2013-03-20,2099.0
2013-03-21,1619.0
2013-03-22,1999.0
2013-03-23,13.0
2013-03-24,46.0
2013-03-25,81.0
2013-03-26,306.0
2013-03-27,924.0
2013-03-28,1796.0
2013-03-29,1555.0
2013-03-30,2517.0
2013-03-31,2690.0
2013-04-01,1873.0
2013-04-02,518.0
2013-04-03,2430.0
2013-04-04,2649.0
2013-04-05,1402.0
2013-04-06,2006.0
2013-04-07,2343.0
2013-04-08,1707.0
2013-04-09,0.0
2013-04-10,72.0
2013-04-11,914.0
2013-04-12,2034.0
2013-04-13,2037.0
2013-04-14,3030.0
2013-04-15,4.0
2013-04-16,0.0
2013-04-17,0.0
2013-04-18,1.0
2013-04-19,136.0
2013-04-20,1386.0
2013-04-21,2039.0
2013-04-22,549.0
2013-04-23,6.0
2013-04-24,619.0
2013-04-25,2401.0
2013-04-26,2727.0
2013-04-27,2734.0
2013-04-28,2735.0
2013-04-29,2250.0
2013-04-30,1649.0
2013-05-01,0.0
2013-05-02,86.0
2013-05-03,1531.0
2013-05-04,2516.0
2013-05-05,1629.0
2013-05-06,2409.0
2013-05-07,2047.0
2013-05-08,1228.0
2013-05-09,1349.0
2013-05-10,2528.0
2013-05-11,2327.0
2013-05-12,2882.0
2013-05-13,2438.0
2013-05-14,1832.0
2013-05-15,1801.0
2013-05-16,2258.0
2013-05-17,2863.0
2013-05-18,1951.0
2013-05-19,3065.0
2013-05-20,1752.0
2013-05-21,2974.0
2013-05-22,2910.0
2013-05-23,2302.0
2013-05-24,2609.0
2013-05-25,2378.0
2013-05-26,1918.0
2013-05-27,2205.0
2013-05-28,2289.0
2013-05-29,1785.0
2013-05-30,3210.0
2013-05-31,3219.0
2013-06-01,2805.0
2013-06-02,2773.0
2013-06-03,2887.0
2013-06-04,1901.0
2013-06-05,667.0
2013-06-06,2913.0
2013-06-07,2159.0
2013-06-08,2376.0
2013-06-09,2998.0
2013-06-10,2652.0
2013-06-11,3013.0
2013-06-12,2475.0
2013-06-13,2092.0
2013-06-14,2406.0
2013-06-15,2722.0
2013-06-16,2015.0
2013-06-17,2127.0
2013-06-18,2358.0
2013-06-19,2575.0
2013-06-20,2870.0
2013-06-21,2174.0
2013-06-22,2317.0
2013-06-23,2543.0
2013-06-24,2138.0
2013-06-25,2646.0
2013-06-26,2938.0
2013-06-27,2903.0
2013-06-28,2622.0
2013-06-29,1680.0
2013-06-30,1656.0
2013-07-01,2607.0
2013-07-02,2863.0
2013-07-03,2815.0
2013-07-04,2383.0
2013-07-05,2042.0
2013-07-06,1652.0
2013-07-07,1995.0
2013-07-08,2252.0
2013-07-09,2345.0
2013-07-10,2018.0
2013-07-11,2565.0
2013-07-12,2194.0
2013-07-13,1644.0
2013-07-14,2147.0
2013-07-15,1738.0
2013-07-16,2877.0
2013-07-17,2855.0
2013-07-18,2627.0
2013-07-19,2711.0
2013-07-20,2613.0
2013-07-21,2888.0
2013-07-22,2742.0
2013-07-23,2722.0
2013-07-24,1539.0
2013-07-25,1261.0
2013-07-26,2559.0
2013-07-27,2367.0
2013-07-28,926.0
2013-07-29,1012.0
2013-07-30,2444.0
2013-07-31,2471.0
2013-08-01,1588.0
2013-08-02,2327.0
2013-08-03,2105.0
2013-08-04,2176.0
2013-08-05,1857.0
2013-08-06,1832.0
2013-08-07,907.0
2013-08-08,1724.0
2013-08-09,1880.0
2013-08-10,2473.0
2013-08-11,2153.0
2013-08-12,2184.0
2013-08-13,2077.0
2013-08-14,2416.0
2013-08-15,2608.0
2013-08-16,2493.0
2013-08-17,2152.0
2013-08-18,1725.0
2013-08-19,2431.0
2013-08-20,2304.0
2013-08-21,1999.0
2013-08-22,1544.0
2013-08-23,2167.0
2013-08-24,1670.0
2013-08-25,2078.0
2013-08-26,2206.0
2013-08-27,1982.0
2013-08-28,2247.0
2013-08-29,2170.0
2013-08-30,1245.0
2013-08-31,1661.0
2013-09-01,1234.0
2013-09-02,2072.0
2013-09-03,2035.0
2013-09-04,1561.0
2013-09-05,1905.0
2013-09-06,2400.0
2013-09-07,2282.0
2013-09-08,2097.0
2013-09-09,1719.0
2013-09-10,662.0
2013-09-11,503.0
2013-09-12,425.0
2013-09-13,1412.0
2013-09-14,1689.0
2013-09-15,487.0
2013-09-16,1938.0
2013-09-17,2365.0
2013-09-18,1621.0
2013-09-19,1806.0
2013-09-20,2395.0
2013-09-21,2235.0
2013-09-22,1407.0
2013-09-23,2229.0
2013-09-24,2390.0
2013-09-25,2335.0
2013-09-26,2351.0
2013-09-27,292.0
2013-09-28,2396.0
2013-09-29,2100.0
2013-09-30,2038.0
2013-10-01,1516.0
2013-10-02,1278.0
2013-10-03,1186.0
2013-10-04,39.0
2013-10-05,1212.0
2013-10-06,1280.0
2013-10-07,1259.0
2013-10-08,916.0
2013-10-09,1145.0
2013-10-10,756.0
2013-10-11,952.0
2013-10-12,1630.0
2013-10-13,1835.0
2013-10-14,1180.0
2013-10-15,800.0
2013-10-16,2019.0
2013-10-17,1830.0
2013-10-18,740.0
2013-10-19,1857.0
2013-10-20,702.0
2013-10-21,2059.0
2013-10-22,1950.0
2013-10-23,1956.0
2013-10-24,1834.0
2013-10-25,1737.0
2013-10-26,1892.0
2013-10-27,1831.0
2013-10-28,111.0
2013-10-29,339.0
2013-10-30,1047.0
2013-10-31,1648.0
2013-11-01,1454.0
2013-11-02,1845.0
2013-11-03,1531.0
2013-11-04,992.0
2013-11-05,1658.0
2013-11-06,1744.0
2013-11-07,1717.0
2013-11-08,926.0
2013-11-09,1550.0
2013-11-10,1667.0
2013-11-11,1679.0
2013-11-12,1658.0
2013-11-13,1463.0
2013-11-14,1614.0
2013-11-15,1446.0
2013-11-16,1465.0
2013-11-17,1715.0
2013-11-18,1640.0
2013-11-19,749.0
2013-11-20,1507.0
2013-11-21,6.0
2013-11-22,13.0
2013-11-23,90.0
2013-11-24,93.0
2013-11-25,198.0
2013-11-26,924.0
2013-11-27,1467.0
2013-11-28,1364.0
2013-11-29,1491.0
2013-11-30,1475.0
2013-12-01,1274.0
2013-12-02,1252.0
2013-12-03,566.0
2013-12-04,0.0
2013-12-05,6.0
2013-12-06,2.0
2013-12-07,3.0
2013-12-08,5.0
2013-12-09,50.0
2013-12-10,1422.0
2013-12-11,1491.0
2013-12-12,1429.0
2013-12-13,1330.0
2013-12-14,1469.0
2013-12-15,1220.0
2013-12-16,1445.0
2013-12-17,1357.0
2013-12-18,1268.0
2013-12-19,1066.0
2013-12-20,138.0
2013-12-21,796.0
2013-12-22,1070.0
2013-12-23,813.0
2013-12-24,1475.0
2013-12-25,1475.0
2013-12-26,1361.0
2013-12-27,1392.0
2013-12-28,801.0
2013-12-29,262.0
2013-12-30,1354.0
2013-12-31,1414.0
2014-01-01,1125.0
2014-01-02,1045.0
2014-01-03,1499.0
2014-01-04,3.0
2014-01-05,43.0
2014-01-06,158.0
2014-01-07,332.0
2014-01-08,1332.0
2014-01-09,1342.0
2014-01-10,1350.0
2014-01-11,1035.0
2014-01-12,1215.0
2014-01-13,1382.0
2014-01-14,62.0
2014-01-15,981.0
2014-01-16,1158.0
2014-01-17,1596.0
2014-01-18,1580.0
2014-01-19,1626.0
2014-01-20,1606.0
2014-01-21,1659.0
2014-01-22,1482.0
2014-01-23,520.0
2014-01-24,1659.0
2014-01-25,1657.0
2014-01-26,1428.0
2014-01-27,107.0
2014-01-28,365.0
2014-01-29,951.0
2014-01-30,851.0
2014-01-31,3.0
2014-02-01,0.0
2014-02-02,3.0
2014-02-03,9.0
2014-02-04,1.0
2014-02-05,1.0
2014-02-06,1.0
2014-02-07,4.0
2014-02-08,229.0
2014-02-09,226.0
2014-02-10,424.0
2014-02-11,984.0
2014-02-12,943.0
2014-02-13,2018.0
2014-02-14,1780.0
2014-02-15,1095.0
2014-02-16,1546.0
2014-02-17,1811.0
2014-02-18,1370.0
2014-02-19,1823.0
2014-02-20,2037.0
2014-02-21,2052.0
2014-02-22,1919.0
2014-02-23,888.0
2014-02-24,474.0
2014-02-25,0.0
2014-02-26,0.0
2014-02-27,0.0
2014-02-28,62.0
2014-03-01,102.0
2014-03-02,359.0
2014-03-03,1920.0
2014-03-04,1430.0
2014-03-05,422.0
2014-03-06,675.0
2014-03-07,204.0
2014-03-08,43.0
2014-03-09,2318.0
2014-03-10,1259.0
2014-03-11,265.0
2014-03-12,1578.0
2014-03-13,2307.0
2014-03-14,2468.0
2014-03-15,983.0
2014-03-16,2495.0
2014-03-17,1958.0
2014-03-18,1159.0
2014-03-19,2547.0
2014-03-20,2432.0
2014-03-21,2196.0
2014-03-22,503.0
2014-03-23,2308.0
2014-03-24,1583.0
2014-03-25,2587.0
2014-03-26,1791.0
2014-03-27,2617.0
2014-03-28,2554.0
2014-03-29,2263.0
2014-03-30,1832.0
2014-03-31,2791.0
2014-04-01,1832.0
2014-04-02,1319.0
2014-04-03,24.0
2014-04-04,931.0
2014-04-05,1616.0
2014-04-06,1905.0
2014-04-07,1823.0
2014-04-08,2743.0
2014-04-09,2008.0
2014-04-10,2525.0
2014-04-11,2756.0
2014-04-12,1292.0
2014-04-13,77.0
2014-04-14,550.0
2014-04-15,2199.0
2014-04-16,2222.0
2014-04-17,2800.0
2014-04-18,2206.0
2014-04-19,1339.0
2014-04-20,2027.0
2014-04-21,2545.0
2014-04-22,2136.0
2014-04-23,2052.0
2014-04-24,2838.0
2014-04-25,2028.0
2014-04-26,2458.0
2014-04-27,632.0
2014-04-28,3094.0
2014-04-29,1798.0
2014-04-30,2216.0
2014-05-01,2938.0
2014-05-02,2586.0
2014-05-03,2326.0
2014-05-04,2440.0
2014-05-05,1844.0
2014-05-06,1968.0
2014-05-07,1696.0
2014-05-08,1483.0
2014-05-09,1792.0
2014-05-10,1714.0
2014-05-11,8.0
2014-05-12,0.0
2014-05-13,56.0
2014-05-14,1591.0
2014-05-15,2573.0
2014-05-16,2050.0
2014-05-17,2149.0
2014-05-18,2228.0
2014-05-19,2893.0
2014-05-20,2128.0
2014-05-21,1601.0
2014-05-22,1556.0
2014-05-23,2076.0
2014-05-24,1740.0
2014-05-25,1422.0
2014-05-26,2266.0
2014-05-27,2778.0
2014-05-28,2940.0
2014-05-29,1782.0
2014-05-30,1600.0
2014-05-31,2687.0
2014-06-01,2855.0
2014-06-02,2882.0
2014-06-03,2919.0
2014-06-04,2812.0
2014-06-05,2203.0
2014-06-06,2127.0
2014-06-07,1859.0
2014-06-08,909.0
2014-06-09,3122.0
2014-06-10,2589.0
2014-06-11,1419.0
2014-06-12,2375.0
2014-06-13,2341.0
2014-06-14,0.0
2014-06-15,0.0
2014-06-16,2399.0
2014-06-17,2770.0
2014-06-18,2435.032
2014-06-19,1832.968
2014-06-20,1806.0
2014-06-21,1228.0
2014-06-22,1106.0
2014-06-23,1737.0
2014-06-24,1612.0
2014-06-25,1224.0
2014-06-26,1114.0
2014-06-27,1094.0
2014-06-28,0.0
2014-06-29,419.0
2014-06-30,2317.0
2014-07-01,1832.0
2014-07-02,2695.0
2014-07-03,2478.0
2014-07-04,1911.0
2014-07-05,1560.0
2014-07-06,2322.0
2014-07-07,1828.0
2014-07-08,1789.0
2014-07-09,2336.0
2014-07-10,2256.0
2014-07-11,1659.0
2014-07-12,1622.0
2014-07-13,2521.0
2014-07-14,2505.0
2014-07-15,1868.0
2014-07-16,2086.0
2014-07-17,2349.0
2014-07-18,2188.0
2014-07-19,3.0
2014-07-20,834.0
2014-07-21,2059.0
2014-07-22,2641.0
2014-07-23,1809.0
2014-07-24,2025.0
2014-07-25,1570.0
2014-07-26,1564.0
2014-07-27,1630.0
2014-07-28,1834.0
2014-07-29,1583.0
2014-07-30,406.0
2014-07-31,1877.0
2014-08-01,2000.0
2014-08-02,1.5009999999999983
2014-08-03,0.4989999999999986
2014-08-04,2065.0
2014-08-05,1653.0
2014-08-06,2393.0
2014-08-07,1924.0
2014-08-08,2414.0
2014-08-09,1614.0
2014-08-10,2020.0
2014-08-11,2747.0
2014-08-12,2705.0
2014-08-13,2192.0
2014-08-14,1708.0
2014-08-15,2071.0
2014-08-16,2199.0
2014-08-17,2008.0
2014-08-18,1967.0
2014-08-19,1971.0
2014-08-20,2003.0
2014-08-21,2290.0
2014-08-22,944.0
2014-08-23,2014.0
2014-08-24,2483.0
2014-08-25,1964.0
2014-08-26,1570.0
2014-08-27,1833.0
2014-08-28,1422.0
2014-08-29,1524.0
2014-08-30,1901.0
2014-08-31,1891.0
2014-09-01,2467.0
2014-09-02,2540.0
2014-09-03,2287.0
2014-09-04,1752.0
2014-09-05,572.0
2014-09-06,1760.0
2014-09-07,1691.0
2014-09-08,1411.0
2014-09-09,1255.0
2014-09-10,2079.0
2014-09-11,503.0
2014-09-12,714.0
2014-09-13,2556.0
2014-09-14,1751.0
2014-09-15,2403.0
2014-09-16,1967.0
2014-09-17,2247.0
2014-09-18,2345.0
2014-09-19,2113.0
2014-09-20,2151.0
2014-09-21,1396.0
2014-09-22,1536.0
2014-09-23,1608.0
2014-09-24,2288.0
2014-09-25,2240.0
2014-09-26,2195.0
2014-09-27,2221.0
2014-09-28,1872.0
2014-09-29,514.0
2014-09-30,1640.0
2014-10-01,1298.0
2014-10-02,2074.0
2014-10-03,2341.0
2014-10-04,1969.0
2014-10-05,2278.0
2014-10-06,1933.0
2014-10-07,2131.0
2014-10-08,1733.0
2014-10-09,615.0
2014-10-10,1031.0
2014-10-11,1369.0
2014-10-12,388.0
2014-10-13,2159.0
2014-10-14,2087.0
2014-10-15,1523.0
2014-10-16,1693.0
2014-10-17,1747.0
2014-10-18,1733.0
2014-10-19,1791.0
2014-10-20,1627.0
2014-10-21,1515.0
2014-10-22,1259.0
2014-10-23,1158.0
2014-10-24,948.0
2014-10-25,1091.0
2014-10-26,982.0
2014-10-27,540.0
2014-10-28,1429.0
2014-10-29,1766.0
2014-10-30,1814.0
2014-10-31,1760.0
2014-11-01,1000.0
2014-11-02,1080.0
2014-11-03,311.0
2014-11-04,1854.0
2014-11-05,1697.0
2014-11-06,1722.0
2014-11-07,999.6999999999999
2014-11-08,991.0219999999999
2014-11-09,982.4440000000001
2014-11-10,973.9680000000001
2014-11-11,137.86599999999999
2014-11-12,0.0
2014-11-13,3.0
2014-11-14,25.0
2014-11-15,10.0
2014-11-16,54.0
2014-11-17,404.0
2014-11-18,739.0
2014-11-19,596.0
2014-11-20,1121.0
2014-11-21,1498.0
2014-11-22,1194.0
2014-11-23,1044.0
2014-11-24,1353.0
2014-11-25,667.0
2014-11-26,1143.0
2014-11-27,670.0
2014-11-28,898.0
2014-11-29,1534.0
2014-11-30,639.0
2014-12-01,1481.0
2014-12-02,1430.0
2014-12-03,1154.0
2014-12-04,601.0
2014-12-05,1326.0
2014-12-06,694.0
2014-12-07,865.0
2014-12-08,864.0
2014-12-09,804.0
2014-12-10,1300.0
2014-12-11,1362.0
2014-12-12,1283.0
2014-12-13,602.0
2014-12-14,2.0
2014-12-15,105.0
2014-12-16,550.0
2014-12-17,884.0
2014-12-18,1196.0
2014-12-19,1417.0
2014-12-20,839.0
2014-12-21,409.0
2014-12-22,14.0
2014-12-23,101.0
2014-12-24,781.0
2014-12-25,626.0
2014-12-26,2.0
2014-12-27,12.0
2014-12-28,15.0
2014-12-29,0.0
2014-12-30,0.0
2014-12-31,1.0
2015-01-01,0.0
2015-01-02,7.0
2015-01-03,4.0
2015-01-04,13.0
2015-01-05,16.0
2015-01-06,1074.0
2015-01-07,214.0
2015-01-08,1473.0
2015-01-09,149.0
2015-01-10,1189.0
2015-01-11,401.0
2015-01-12,166.0
2015-01-13,531.0
2015-01-14,1046.0
2015-01-15,1568.0
2015-01-16,505.0
2015-01-17,1408.0
2015-01-18,1291.0
2015-01-19,1146.0
2015-01-20,1094.0
2015-01-21,7.0
2015-01-22,11.0
2015-01-23,74.0
2015-01-24,441.0
2015-01-25,1641.0
2015-01-26,1245.0
2015-01-27,1212.0
2015-01-28,1751.0
2015-01-29,978.0
2015-01-30,609.0
2015-01-31,429.0
2015-02-01,5.0
2015-02-02,841.0
2015-02-03,1791.0
2015-02-04,11.0
2015-02-05,1110.0
2015-02-06,1516.0
2015-02-07,1675.0
2015-02-08,1941.0
2015-02-09,1864.0
2015-02-10,1958.0
2015-02-11,960.0
2015-02-12,1702.0
2015-02-13,1919.0
2015-02-14,1144.0
2015-02-15,583.0
2015-02-16,0.0
2015-02-17,1.0
2015-02-18,58.0
2015-02-19,1236.0
2015-02-20,1491.0
2015-02-21,2.0
2015-02-22,3.0
2015-02-23,3.0
2015-02-24,158.0
2015-02-25,266.0
2015-02-26,0.0
2015-02-27,0.0
2015-02-28,0.0
2015-03-01,0.0
2015-03-02,0.0
2015-03-03,0.0
2015-03-04,0.0
2015-03-05,0.0
2015-03-06,68.0
2015-03-07,595.0
2015-03-08,1383.0
2015-03-09,2302.0
2015-03-10,2337.0
2015-03-11,2092.0
2015-03-12,1802.0
2015-03-13,1316.0
2015-03-14,2076.0
2015-03-15,2290.0
2015-03-16,2353.0
2015-03-17,2250.0
2015-03-18,1039.0
2015-03-19,756.0
2015-03-20,2530.0
2015-03-21,2483.0
2015-03-22,1582.0
2015-03-23,2122.0
2015-03-24,2493.0
2015-03-25,459.0
2015-03-26,2338.0
2015-03-27,2624.0
2015-03-28,2591.0
2015-03-29,2673.0
2015-03-30,2497.0
2015-03-31,2222.0
2015-04-01,1547.0
2015-04-02,328.0
2015-04-03,1110.0
2015-04-04,2691.0
2015-04-05,2620.0
2015-04-06,2635.0
2015-04-07,2156.0
2015-04-08,1726.0
2015-04-09,1570.0
2015-04-10,2161.0
2015-04-11,1915.0
2015-04-12,2688.0
2015-04-13,2727.0
2015-04-14,2175.0
2015-04-15,1640.0
2015-04-16,0.0
2015-04-17,72.0
2015-04-18,1745.0
2015-04-19,1560.0
2015-04-20,2517.0
2015-04-21,2222.0
2015-04-22,1952.0
2015-04-23,1775.0
2015-04-24,1620.0
2015-04-25,1897.0
2015-04-26,520.0
2015-04-27,727.0
2015-04-28,2611.0
2015-04-29,2860.0
2015-04-30,2118.0
2015-05-01,1326.0
2015-05-02,1818.0
2015-05-03,1782.0
2015-05-04,669.0
2015-05-05,939.0
2015-05-06,1523.0
2015-05-07,987.0
2015-05-08,842.0
2015-05-09,795.0
2015-05-10,324.0
2015-05-11,2997.0
2015-05-12,1952.0
2015-05-13,1586.0
2015-05-14,2360.0
2015-05-15,1667.0
2015-05-16,1983.0
2015-05-17,1916.0
2015-05-18,681.0
2015-05-19,609.0
2015-05-20,651.0
2015-05-21,982.0
2015-05-22,1361.0
2015-05-23,1469.0
2015-05-24,2009.0
2015-05-25,2575.0
2015-05-26,2270.0
2015-05-27,2359.0
2015-05-28,2178.0
2015-05-29,1895.0
2015-05-30,3023.0
2015-05-31,2226.0
2015-06-01,2245.0
2015-06-02,2870.0
2015-06-03,2085.0
2015-06-04,2729.0
2015-06-05,1564.0
2015-06-06,2138.0
2015-06-07,2426.0
2015-06-08,3002.0
2015-06-09,2563.0
2015-06-10,1616.0
2015-06-11,1485.0
2015-06-12,2138.0
2015-06-13,2588.0
2015-06-14,2573.0
2015-06-15,1417.0
2015-06-16,1917.0
2015-06-17,2785.0
2015-06-18,2302.0
2015-06-19,2929.0
2015-06-20,2840.0
2015-06-21,1962.0
2015-06-22,2764.0
2015-06-23,2722.0
2015-06-24,2018.0
2015-06-25,2402.0
2015-06-26,2087.0
2015-06-27,2772.0
2015-06-28,1929.0
2015-06-29,2686.0
2015-06-30,2241.0
2015-07-01,1220.0
2015-07-02,1234.0
2015-07-03,1666.0
2015-07-04,1213.0
2015-07-05,934.0
2015-07-06,348.0
2015-07-07,840.0
2015-07-08,752.0
2015-07-09,1306.0
2015-07-10,1643.0
2015-07-11,1694.0
2015-07-12,1599.0
2015-07-13,840.0
2015-07-14,1263.0
2015-07-15,1387.0
2015-07-16,1354.0
2015-07-17,1551.0
2015-07-18,1344.0
2015-07-19,1053.0
2015-07-20,1338.0
2015-07-21,1221.0
2015-07-22,1486.0
2015-07-23,1385.0
2015-07-24,665.0
2015-07-25,1634.0
2015-07-26,1324.0
2015-07-27,1318.0
2015-07-28,1678.0
2015-07-29,1670.0
2015-07-30,2747.0
2015-07-31,2389.0
2015-08-01,2504.0
2015-08-02,1875.0
2015-08-03,1210.0
2015-08-04,2388.0
2015-08-05,2691.0
2015-08-06,1859.0
2015-08-07,2089.0
2015-08-08,1995.0
2015-08-09,2414.0
2015-08-10,1822.0
2015-08-11,1797.0
2015-08-12,2081.0
2015-08-13,2023.0
2015-08-14,2076.0
2015-08-15,2072.0
2015-08-16,1761.0
2015-08-17,1963.0
2015-08-18,2427.0
2015-08-19,2507.0
2015-08-20,2529.0
2015-08-21,2233.0
2015-08-22,1884.0
2015-08-23,2569.0
2015-08-24,2327.0
2015-08-25,2422.0
2015-08-26,1948.0
2015-08-27,1736.0
2015-08-28,2250.0
2015-08-29,2475.0
2015-08-30,2285.0
2015-08-31,1340.0
2015-09-01,1951.0
2015-09-02,1942.0
2015-09-03,1116.0
2015-09-04,1913.0
2015-09-05,1915.0
2015-09-06,2187.0
2015-09-07,2007.0
2015-09-08,2548.0
2015-09-09,2501.0
2015-09-10,2538.0
2015-09-11,2349.0
2015-09-12,2466.0
2015-09-13,2228.0
2015-09-14,1776.0
2015-09-15,1847.0
2015-09-16,1846.0
2015-09-17,2155.0
2015-09-18,2218.0
2015-09-19,2430.0
2015-09-20,2391.0
2015-09-21,2367.0
2015-09-22,1728.0
2015-09-23,2269.0
2015-09-24,2255.0
2015-09-25,2249.0
2015-09-26,2250.0
2015-09-27,2122.0
2015-09-28,1424.0
2015-09-29,1890.0
2015-09-30,1141.0
2015-10-01,1574.0
2015-10-02,1526.0
2015-10-03,757.0
2015-10-04,584.0
2015-10-05,1772.0
2015-10-06,925.0
2015-10-07,2015.0
2015-10-08,2072.0
2015-10-09,1832.0
2015-10-10,2015.0
2015-10-11,1958.0
2015-10-12,2141.0
2015-10-13,2087.0
2015-10-14,2051.0
2015-10-15,2006.0
2015-10-16,1967.0
2015-10-17,1895.0
2015-10-18,1249.0
2015-10-19,928.0
2015-10-20,898.0
2015-10-21,294.0
2015-10-22,307.0
2015-10-23,1260.0
2015-10-24,1836.0
2015-10-25,1763.0
2015-10-26,1085.0
2015-10-27,1443.0
2015-10-28,1165.0
2015-10-29,1389.0
2015-10-30,384.0
2015-10-31,1809.0
2015-11-01,936.0
2015-11-02,1779.0
2015-11-03,1855.0
2015-11-04,1301.0
2015-11-05,1054.0
2015-11-06,1167.0
2015-11-07,1868.0
2015-11-08,1797.0
2015-11-09,1707.0
2015-11-10,1716.0
2015-11-11,42.0
2015-11-12,1307.0
2015-11-13,1671.0
2015-11-14,1676.0
2015-11-15,1585.0
2015-11-16,466.0
2015-11-17,21.0
2015-11-18,1423.0
2015-11-19,1650.0
2015-11-20,1011.0
2015-11-21,706.0
2015-11-22,1617.0
2015-11-23,1516.0
2015-11-24,1501.0
2015-11-25,964.0
2015-11-26,28.0
2015-11-27,1.0
2015-11-28,12.0
2015-11-29,2.0
2015-11-30,3.0
2015-12-01,277.0
2015-12-02,1084.0
2015-12-03,1514.0
2015-12-04,1276.0
2015-12-05,959.0
2015-12-06,907.0
2015-12-07,715.0
2015-12-08,635.0
2015-12-09,555.0
2015-12-10,886.0
2015-12-11,958.0
2015-12-12,2.0
2015-12-13,26.0
2015-12-14,557.0
2015-12-15,23.0
2015-12-16,243.0
2015-12-17,182.0
2015-12-18,332.0
2015-12-19,536.0
2015-12-20,499.0
2015-12-21,1137.0
2015-12-22,1263.0
2015-12-23,1194.0
2015-12-24,1436.0
2015-12-25,321.0
2015-12-26,22.0
2015-12-27,62.0
2015-12-28,110.0
2015-12-29,287.0
2015-12-30,922.0
2015-12-31,1290.0
2016-01-01,1572.0
2016-01-02,1503.0
2016-01-03,1445.0
2016-01-04,1360.0
2016-01-05,1449.0
2016-01-06,1251.0
2016-01-07,734.0
2016-01-08,1.0
2016-01-09,35.0
2016-01-10,152.0
2016-01-11,632.0
2016-01-12,1164.0
2016-01-13,1187.0
2016-01-14,1656.0
2016-01-15,1057.0
2016-01-16,1318.0
2016-01-17,1523.0
2016-01-18,945.0
2016-01-19,1194.0
2016-01-20,1249.0
2016-01-21,1680.0
2016-01-22,1487.0
2016-01-23,1278.0
2016-01-24,1288.0
2016-01-25,1154.0
2016-01-26,1428.0
2016-01-27,1694.0
2016-01-28,1692.0
2016-01-29,1587.79
2016-01-30,273.074
2016-01-31,275.48199999999997
2016-02-01,277.928
2016-02-02,280.409
2016-02-03,282.926
2016-02-04,185.391
2016-02-05,576.0
2016-02-06,659.0
2016-02-07,1360.0
2016-02-08,1622.0
2016-02-09,1748.0
2016-02-10,1596.0
2016-02-11,1121.0
2016-02-12,1640.0
2016-02-13,1827.0
2016-02-14,1302.0
2016-02-15,1404.0
2016-02-16,1087.0
2016-02-17,1829.0
2016-02-18,2003.0
2016-02-19,1968.0
2016-02-20,1976.0
2016-02-21,2098.0
2016-02-22,1434.0
2016-02-23,23.0
2016-02-24,839.0
2016-02-25,2237.0
2016-02-26,2204.0
2016-02-27,1592.0
2016-02-28,2225.0
2016-02-29,2002.0
2016-03-01,1737.0
2016-03-02,2118.0
2016-03-03,1789.0
2016-03-04,1338.0
2016-03-05,1288.0
2016-03-06,1474.0
2016-03-07,974.0
2016-03-08,2016.0
2016-03-09,1581.0
2016-03-10,2406.0
2016-03-11,2351.0
2016-03-12,1658.0
2016-03-13,1568.0
2016-03-14,2273.0
2016-03-15,2355.0
2016-03-16,2617.0
2016-03-17,656.0
2016-03-18,0.0
2016-03-19,2.0
2016-03-20,194.0
2016-03-21,2106.0
2016-03-22,2310.0
2016-03-23,0.0
2016-03-24,0.0
2016-03-25,0.0
2016-03-26,0.0
2016-03-27,2.0
2016-03-28,104.0
2016-03-29,602.0
2016-03-30,1198.0
2016-03-31,18.0
2016-04-01,1433.0
2016-04-02,2742.0
2016-04-03,2762.0
2016-04-04,2378.0
2016-04-05,2326.0
2016-04-06,2844.0
2016-04-07,2757.0
2016-04-08,2324.0
2016-04-09,2106.0
2016-04-10,1337.0
2016-04-11,1690.0
2016-04-12,2232.0
2016-04-13,2206.0
2016-04-14,2225.0
2016-04-15,858.0
2016-04-16,0.0
2016-04-17,0.0
2016-04-18,0.0
2016-04-19,56.0
2016-04-20,786.0
2016-04-21,2888.0
2016-04-22,2590.0
2016-04-23,1692.0
2016-04-24,1633.0
2016-04-25,2484.0
2016-04-26,967.0
2016-04-27,2343.0
2016-04-28,488.0
2016-04-29,81.0
2016-04-30,4.0
2016-05-01,8.0
2016-05-02,1297.0
2016-05-03,3021.0
2016-05-04,2942.0
2016-05-05,2669.0
2016-05-06,1919.0
2016-05-07,334.0
2016-05-08,1828.0
2016-05-09,2355.0
2016-05-10,1833.0
2016-05-11,2376.0
2016-05-12,3020.0
2016-05-13,2761.0
2016-05-14,959.0
2016-05-15,1346.0
2016-05-16,377.0
2016-05-17,656.0
2016-05-18,2727.0
2016-05-19,2622.0
2016-05-20,2603.0
2016-05-21,2853.0
2016-05-22,2693.0
2016-05-23,2102.0
2016-05-24,2443.0
2016-05-25,2577.0
2016-05-26,1110.0
2016-05-27,1932.0
2016-05-28,2454.0
2016-05-29,2239.0
2016-05-30,2396.0
2016-05-31,2438.0
2016-06-01,2851.0
2016-06-02,2920.0
2016-06-03,2727.0
2016-06-04,3020.0
2016-06-05,2923.0
2016-06-06,2246.0
2016-06-07,2075.0
2016-06-08,2235.0
2016-06-09,2745.0
2016-06-10,2581.0
2016-06-11,2944.0
2016-06-12,2356.0
2016-06-13,2141.0
2016-06-14,3027.0
2016-06-15,2996.0
2016-06-16,2936.0
2016-06-17,2892.0
2016-06-18,2882.0
2016-06-19,2877.0
2016-06-20,1565.0
2016-06-21,2553.0
2016-06-22,1507.0
2016-06-23,2026.0
2016-06-24,1902.0
2016-06-25,2157.0
2016-06-26,2931.0
2016-06-27,2921.0
2016-06-28,2632.0
2016-06-29,2472.0
2016-06-30,1587.0
2016-07-01,1386.0
2016-07-02,1631.0
2016-07-03,2216.0
2016-07-04,2338.0
2016-07-05,2264.0
2016-07-06,2222.0
2016-07-07,2956.0
2016-07-08,2285.0
2016-07-09,2640.0
2016-07-10,2632.0
2016-07-11,2804.0
2016-07-12,2842.0
2016-07-13,2781.0
2016-07-14,2818.0
2016-07-15,2082.0
2016-07-16,2280.0
2016-07-17,2136.0
2016-07-18,1587.0
2016-07-19,2213.0
2016-07-20,1915.0
2016-07-21,2068.0
2016-07-22,1844.0
2016-07-23,1576.0
2016-07-24,1991.0
2016-07-25,2535.0
2016-07-26,957.0
2016-07-27,2795.0
2016-07-28,2236.0
2016-07-29,1828.0
2016-07-30,2535.0
2016-07-31,681.0
2016-08-01,2401.0
2016-08-02,2208.0
2016-08-03,995.0
2016-08-04,1654.0
2016-08-05,1311.0
2016-08-06,1105.0
2016-08-07,2082.0
2016-08-08,1318.0
2016-08-09,2476.0
2016-08-10,2014.0
2016-08-11,2351.0
2016-08-12,2697.0
2016-08-13,2773.0
2016-08-14,2731.0
2016-08-15,2149.0
2016-08-16,2368.0
2016-08-17,2528.0
2016-08-18,1682.0
2016-08-19,1900.0
2016-08-20,2756.0
2016-08-21,2487.0
2016-08-22,2048.0
2016-08-23,1244.0
2016-08-24,852.0
2016-08-25,1835.0
2016-08-26,2165.0
2016-08-27,2394.0
2016-08-28,1645.0
2016-08-29,1442.0
2016-08-30,2296.0
2016-08-31,2465.0
2016-09-01,2395.0
2016-09-02,1635.0
2016-09-03,1809.0
2016-09-04,1881.0
2016-09-05,2339.0
2016-09-06,1856.0
2016-09-07,1768.0
2016-09-08,2535.0
2016-09-09,2475.0
2016-09-10,2539.0
2016-09-11,1901.0
2016-09-12,1983.0
2016-09-13,759.0
2016-09-14,2118.0
2016-09-15,1856.0
2016-09-16,2456.0
2016-09-17,2219.0
2016-09-18,2404.0
2016-09-19,2330.0
2016-09-20,1494.0
2016-09-21,1314.0
2016-09-22,1742.0
2016-09-23,2077.0
2016-09-24,1961.0
2016-09-25,2404.0
2016-09-26,2327.0
2016-09-27,2273.0
2016-09-28,2222.0
2016-09-29,27.0
2016-09-30,0.0
2016-10-01,1682.199
2016-10-02,1999.0
2016-10-03,2190.0
2016-10-04,2386.0
2016-10-05,1604.0
2016-10-06,1294.0
2016-10-07,1770.0
2016-10-08,2121.0
2016-10-09,1632.0
2016-10-10,2112.0
2016-10-11,1655.0
2016-10-12,471.0
2016-10-13,1907.0
2016-10-14,1312.0
2016-10-15,1961.0
2016-10-16,1988.0
2016-10-17,1980.0
2016-10-18,1626.0
2016-10-19,2099.0
2016-10-20,2068.0
2016-10-21,1741.0
2016-10-22,1891.0
2016-10-23,1876.0
2016-10-24,1689.0
2016-10-25,889.0
2016-10-26,1844.0
2016-10-27,1730.305
2016-10-28,967.0
2016-10-29,1386.0
2016-10-30,1183.0
2016-10-31,1780.0
2016-11-01,1483.0
2016-11-02,1421.0
2016-11-03,1770.0
2016-11-04,1694.0
2016-11-05,890.0
2016-11-06,1555.0
2016-11-07,1670.0
2016-11-08,1641.0
2016-11-09,1652.0
2016-11-10,1626.0
2016-11-11,1599.0
2016-11-12,1596.0
2016-11-13,1247.0
2016-11-14,1510.0
2016-11-15,1551.0
2016-11-16,1449.0
2016-11-17,56.0
2016-11-18,46.0
2016-11-19,420.0
2016-11-20,1259.0
2016-11-21,1079.0
2016-11-22,278.0
2016-11-23,1602.0
2016-11-24,1649.0
2016-11-25,1539.0
2016-11-26,1494.0
2016-11-27,1035.0
2016-11-28,822.0
2016-11-29,1068.0
2016-11-30,1597.0
2016-12-01,1218.0
2016-12-02,542.0
2016-12-03,1025.0
2016-12-04,1450.0
2016-12-05,1295.0
2016-12-06,1094.0
2016-12-07,5.0
2016-12-08,29.0
2016-12-09,301.0
2016-12-10,1023.0
2016-12-11,616.0
2016-12-12,1440.0
2016-12-13,1403.0
2016-12-14,804.0
2016-12-15,945.0
2016-12-16,1224.0
2016-12-17,0.0
2016-12-18,12.0
2016-12-19,16.0
2016-12-20,317.0
2016-12-21,847.0
2016-12-22,728.0
2016-12-23,1443.0
2016-12-24,1417.0
2016-12-25,781.0
2016-12-26,1520.0
2016-12-27,1434.0
2016-12-28,1159.0
2016-12-29,1452.0
2016-12-30,1509.0
2016-12-31,1460.0
2017-01-01,1239.0
2017-01-02,1192.0
2017-01-03,718.0
2017-01-04,171.0
2017-01-05,0.0
2017-01-06,0.0
2017-01-07,1.0
2017-01-08,32.0
2017-01-09,1017.0
2017-01-10,1425.0
2017-01-11,1279.0
2017-01-12,868.0
2017-01-13,1164.0
2017-01-14,449.0
2017-01-15,442.0
2017-01-16,0.0
2017-01-17,16.0
2017-01-18,315.0
2017-01-19,1585.0
2017-01-20,1115.0
2017-01-21,1312.0
2017-01-22,1540.0
2017-01-23,1251.0
2017-01-24,243.0
2017-01-25,1408.0
2017-01-26,1605.0
2017-01-27,1762.0
2017-01-28,1092.0
2017-01-29,1564.0
2017-01-30,1275.0
2017-01-31,1227.0
2017-02-01,403.0
2017-02-02,201.0
2017-02-03,478.0
2017-02-04,1905.0
2017-02-05,1760.0
2017-02-06,1697.0
2017-02-07,1464.0
2017-02-08,2001.0
2017-02-09,1253.0
2017-02-10,1579.0
2017-02-11,826.0
2017-02-12,1276.0
2017-02-13,903.0
2017-02-14,2032.0
2017-02-15,2009.0
2017-02-16,1993.0
2017-02-17,1563.0
2017-02-18,1277.0
2017-02-19,1261.0
2017-02-20,2121.0
2017-02-21,2165.0
2017-02-22,2095.0
2017-02-23,28.0
2017-02-24,11.0
2017-02-25,614.0
2017-02-26,1776.0
2017-02-27,2060.0
2017-02-28,1135.0
2017-03-01,2507.0
2017-03-02,2346.0
2017-03-03,1890.0
2017-03-04,2096.0
2017-03-05,1480.0
2017-03-06,1656.0
2017-03-07,2540.0
2017-03-08,2172.0
2017-03-09,2166.0
2017-03-10,2060.0
2017-03-11,432.0
2017-03-12,1901.0
2017-03-13,1991.0
2017-03-14,1762.0
2017-03-15,2333.0
2017-03-16,2001.0
2017-03-17,2188.0
2017-03-18,2338.0
2017-03-19,2367.0
2017-03-20,1489.0
2017-03-21,1544.0
2017-03-22,1985.0
2017-03-23,2265.0
2017-03-24,1137.0
2017-03-25,2087.0
2017-03-26,736.0
2017-03-27,1841.0
2017-03-28,338.0
2017-03-29,2257.0
2017-03-30,1711.0
2017-03-31,281.0
2017-04-01,125.0
2017-04-02,2450.0
2017-04-03,2732.0
2017-04-04,0.0
2017-04-05,29.0
2017-04-06,1633.0
2017-04-07,2162.0
2017-04-08,2086.0
2017-04-09,2831.0
2017-04-10,2682.0
2017-04-11,2360.0
2017-04-12,2725.0
2017-04-13,2519.0
2017-04-14,2569.0
2017-04-15,2661.0
2017-04-16,2578.0
2017-04-17,2070.0
2017-04-18,2528.0
2017-04-19,2851.0
2017-04-20,1646.0
2017-04-21,1174.0
2017-04-22,2379.0
2017-04-23,2352.0
2017-04-24,1670.0
2017-04-25,1839.0
2017-04-26,2329.0
2017-04-27,1968.0
2017-04-28,1721.0
2017-04-29,0.0
2017-04-30,105.0
2017-05-01,2794.0
2017-05-02,1826.0
2017-05-03,1880.0
2017-05-04,2965.0
2017-05-05,2910.0
2017-05-06,2321.0
2017-05-07,1358.0
2017-05-08,1316.0
2017-05-09,1669.0
2017-05-10,645.0
2017-05-11,2411.0
2017-05-12,2978.0
2017-05-13,2809.0
2017-05-14,2639.0
2017-05-15,2302.0
2017-05-16,1839.0
2017-05-17,2126.0
2017-05-18,1.0
2017-05-19,16.0
2017-05-20,1416.0
2017-05-21,2631.0
2017-05-22,2091.0
2017-05-23,2247.0
2017-05-24,3090.0
2017-05-25,1897.0
2017-05-26,2485.0
2017-05-27,1535.0
2017-05-28,3025.0
2017-05-29,2245.0
2017-05-30,2960.0
2017-05-31,2514.0
2017-06-01,1946.0
2017-06-02,2000.0
2017-06-03,2788.0
2017-06-04,2984.0
2017-06-05,1469.0
2017-06-06,2058.0
2017-06-07,2480.0
2017-06-08,2515.0
2017-06-09,2773.0
2017-06-10,2809.0
2017-06-11,2314.0
2017-06-12,2849.0
2017-06-13,0.0
2017-06-14,0.0
2017-06-15,0.0
2017-06-16,0.0
2017-06-17,0.0
2017-06-18,0.0
2017-06-19,0.0
2017-06-20,0.0
2017-06-21,2663.327
2017-06-22,1370.0
2017-06-23,795.0
2017-06-24,2241.0
2017-06-25,2109.0
2017-06-26,2997.0
2017-06-27,2420.0
2017-06-28,1713.0
2017-06-29,2419.0
2017-06-30,2096.0
2017-07-01,2987.0
2017-07-02,1913.0
2017-07-03,2352.0
2017-07-04,2378.0
2017-07-05,2744.0
2017-07-06,2198.0
2017-07-07,1931.0
2017-07-08,2244.0
2017-07-09,2589.0
2017-07-10,1489.0
2017-07-11,2216.0
2017-07-12,909.0
2017-07-13,2608.0
2017-07-14,2358.0
2017-07-15,2094.0
2017-07-16,2800.0
2017-07-17,2199.0
2017-07-18,1987.0
2017-07-19,2011.0
2017-07-20,1806.0
2017-07-21,1764.0
2017-07-22,2160.0
2017-07-23,2351.0
2017-07-24,2426.0
2017-07-25,1254.0
2017-07-26,1449.0
2017-07-27,2602.0
2017-07-28,2280.0
2017-07-29,789.0
2017-07-30,1899.0
2017-07-31,2238.0
2017-08-01,2772.0
2017-08-02,2493.0
2017-08-03,972.0
2017-08-04,2261.0
2017-08-05,1714.0
2017-08-06,1511.0
2017-08-07,524.0
2017-08-08,1644.0
2017-08-09,2202.0
2017-08-10,1958.0
2017-08-11,2462.0
2017-08-12,2235.0
2017-08-13,2125.0
2017-08-14,1971.0
2017-08-15,2054.0
2017-08-16,2294.0
2017-08-17,2018.0
2017-08-18,2656.0
2017-08-19,2082.0
2017-08-20,2171.0
2017-08-21,1662.0
2017-08-22,2022.0
2017-08-23,1789.0
2017-08-24,1622.0
2017-08-25,2496.0
2017-08-26,2099.0
2017-08-27,2503.0
2017-08-28,2513.0
2017-08-29,2409.0
2017-08-30,2086.0
2017-08-31,1607.0
2017-09-01,2226.0
2017-09-02,2408.0
2017-09-03,2434.0
2017-09-04,2048.0
2017-09-05,1830.0
2017-09-06,2349.0
2017-09-07,2123.0
2017-09-08,1734.0
2017-09-09,1467.0
2017-09-10,1901.0
2017-09-11,1449.0
2017-09-12,2204.0
2017-09-13,1590.0
2017-09-14,1762.0
2017-09-15,2254.0
2017-09-16,1471.0
2017-09-17,1923.0
2017-09-18,2453.0
2017-09-19,2198.0
2017-09-20,2404.0
2017-09-21,2378.0
2017-09-22,1795.0
2017-09-23,516.0
2017-09-24,416.0
2017-09-25,558.0
2017-09-26,1045.0
2017-09-27,229.0
2017-09-28,1140.0
2017-09-29,1241.0
2017-09-30,1781.0
2017-10-01,1635.0
2017-10-02,121.0
2017-10-03,1728.0
2017-10-04,2173.0
2017-10-05,1994.0
2017-10-06,1567.0
2017-10-07,2274.0
2017-10-08,2234.0
2017-10-09,0.0
2017-10-10,28.0
2017-10-11,1272.0
2017-10-12,2090.0
2017-10-13,2050.0
2017-10-14,1865.0
2017-10-15,2123.0
2017-10-16,1370.0
2017-10-17,1925.0
2017-10-18,1661.0
2017-10-19,1697.0
2017-10-20,1731.0
2017-10-21,2162.0
2017-10-22,1385.0
2017-10-23,1053.0
2017-10-24,1938.0
2017-10-25,1906.0
2017-10-26,477.0
2017-10-27,960.0
2017-10-28,935.0
2017-10-29,1864.0
2017-10-30,166.0
2017-10-31,1227.0
2017-11-01,855.0
2017-11-02,1079.0
2017-11-03,1615.0
2017-11-04,1745.0
2017-11-05,998.0
2017-11-06,277.0
2017-11-07,23.0
2017-11-08,1127.0
2017-11-09,966.0
2017-11-10,1509.0
2017-11-11,1677.0
2017-11-12,1657.0
2017-11-13,1632.0
2017-11-14,1104.0
2017-11-15,1586.0
2017-11-16,1442.0
2017-11-17,1114.0
2017-11-18,1713.0
2017-11-19,1134.0
2017-11-20,1239.0
2017-11-21,378.0
2017-11-22,1340.0
2017-11-23,1066.0
2017-11-24,1046.0
2017-11-25,1488.0
2017-11-26,1008.0
2017-11-27,1335.0
2017-11-28,639.0
2017-11-29,1225.0
2017-11-30,1467.0
2017-12-01,955.0
2017-12-02,1444.0
2017-12-03,1027.0
2017-12-04,1506.0
2017-12-05,1493.0
2017-12-06,1492.0
2017-12-07,586.0
2017-12-08,958.0
2017-12-09,1466.0
2017-12-10,1454.0
2017-12-11,1413.0
2017-12-12,1367.0
2017-12-13,809.0
2017-12-14,66.0
2017-12-15,1399.0
2017-12-16,994.0
2017-12-17,670.0
2017-12-18,1172.0
2017-12-19,1317.0
2017-12-20,1331.0
2017-12-21,135.0
2017-12-22,1041.0
2017-12-23,1171.0
2017-12-24,104.0
2017-12-25,359.0
2017-12-26,88.0
2017-12-27,1253.0
2017-12-28,1069.0
2017-12-29,568.0
2017-12-30,1246.0
2017-12-31,463.0
2018-01-01,1408.0
2018-01-02,1507.0
2018-01-03,1358.0
2018-01-04,1466.0
2018-01-05,581.0
2018-01-06,987.0
2018-01-07,1409.0
2018-01-08,424.0
2018-01-09,1272.0
2018-01-10,464.0
2018-01-11,1505.0
2018-01-12,767.0
2018-01-13,1172.0
2018-01-14,1297.0
