month,monthly_gross_energy
2010-12-01,11.0
2011-01-01,24012.0
2011-02-01,31575.0
2011-03-01,60791.0
2011-04-01,57049.0
2011-05-01,62346.0
2011-06-01,70771.0
2011-07-01,72215.0
2011-08-01,67641.0
2011-09-01,59759.0
2011-10-01,48742.0
2011-11-01,36912.0
2011-12-01,19283.0
2012-01-01,32656.0
2012-02-01,19882.0
2012-03-01,62662.0
2012-04-01,66066.0
2012-05-01,70818.0
2012-06-01,63680.0
2012-07-01,68700.0
2012-08-01,65233.0
2012-09-01,40221.0
2012-10-01,25415.0
2012-11-01,19999.0
2012-12-01,10212.0
2013-01-01,9367.0
2013-02-01,26179.0
2013-03-01,39999.0
2013-04-01,42251.0
2013-05-01,66291.0
2013-06-01,72401.0
2013-07-01,69874.0
2013-08-01,62381.0
2013-09-01,52381.0
2013-10-01,40536.0
2013-11-01,37141.0
2013-12-01,29006.0
2014-01-01,31152.0
2014-02-01,21700.0
2014-03-01,49949.0
2014-04-01,55991.0
2014-05-01,58911.0
2014-06-01,53506.0
2014-07-01,57640.0
2014-08-01,57492.0
2014-09-01,54074.0
2014-10-01,47782.0
2014-11-01,25341.0
2014-12-01,20720.0
2015-01-01,21693.0
2015-02-01,22238.0
2015-03-01,49273.0
2015-04-01,53885.0
2015-05-01,49754.0
2015-06-01,69795.0
2015-07-01,42096.0
2015-08-01,65552.0
2015-09-01,62019.0
2015-10-01,44987.0
2015-11-01,32382.0
2015-12-01,20210.0
2016-01-01,35264.346
2016-02-01,39398.654
2016-03-01,36735.0
2016-04-01,48232.0
2016-05-01,62890.0
2016-06-01,75627.0
2016-07-01,67074.0
2016-08-01,62372.0
2016-09-01,57099.0
2016-10-01,52833.504
2016-11-01,38298.0
2016-12-01,28509.0
2017-01-01,27307.0
2017-02-01,37886.0
2017-03-01,55897.0
2017-04-01,56774.0
2017-05-01,64941.0
2017-06-01,49808.327
2017-07-01,65025.0
2017-08-01,62927.0
2017-09-01,51327.0
2017-10-01,45611.0
2017-11-01,35484.0
2017-12-01,30416.0
2018-01-01,15617.0
