year,ac_power__5069_missing_pct,ambient_temp__5062_missing_pct,module_temp__5063_missing_pct,poa_irradiance__5061_missing_pct,dc_voltage__5070_missing_pct,pr__5067_missing_pct,reading_count_missing_pct,complete_hour_pct,zero_reading_hour_pct
2010,0.0,0.0,0.0,0.0,100.0,100.0,0.0,100.0,0.0
2011,1.3812785388127853,0.28538812785388123,0.28538812785388123,0.28538812785388123,100.0,100.0,0.0,98.39041095890411,1.3812785388127853
2012,3.6543715846994536,3.4380692167577416,3.4380692167577416,3.4380692167577416,100.0,100.0,0.0,95.74225865209472,3.6543715846994536
2013,6.381278538812786,6.289954337899544,6.289954337899544,6.289954337899544,100.0,22.67123287671233,0.0,93.2648401826484,6.381278538812786
2014,4.874429223744292,2.945205479452055,2.945205479452055,2.945205479452055,100.0,30.856164383561648,0.0,94.31506849315069,4.874429223744292
2015,0.228310502283105,0.12557077625570776,0.12557077625570776,0.12557077625570776,92.65981735159818,39.68036529680366,0.0,99.47488584474885,0.228310502283105
2016,3.847905282331512,3.3242258652094714,3.3242258652094714,3.3242258652094714,3.7568306010928962,41.65528233151184,0.0,94.02322404371584,3.847905282331512
2017,32.3972602739726,2.5114155251141552,2.5114155251141552,2.5114155251141552,32.3972602739726,40.799086757990864,0.0,47.11187214611872,32.3972602739726
2018,35.029940119760475,0.0,0.0,0.0,35.029940119760475,52.39520958083832,0.0,36.52694610778443,35.029940119760475
