month,ac_power__5069_missing_pct,ambient_temp__5062_missing_pct,module_temp__5063_missing_pct,poa_irradiance__5061_missing_pct,dc_voltage__5070_missing_pct,pr__5067_missing_pct
1,13.496932515337424,10.68206423673764,10.68206423673764,10.68206423673764,71.07542403464453,61.5662215806568
2,4.22979797979798,2.0202020202020203,2.0202020202020203,2.0202020202020203,73.23232323232324,49.47390572390572
3,0.65284178187404,0.6336405529953917,0.6336405529953917,0.6336405529953917,71.42857142857143,48.46390168970814
4,2.400793650793651,0.31746031746031744,0.31746031746031744,0.31746031746031744,72.18253968253968,47.6984126984127
5,4.320276497695852,0.36482334869431643,0.36482334869431643,0.36482334869431643,75.6336405529954,48.29109062980031
6,11.408730158730158,5.257936507936508,5.257936507936508,5.257936507936508,80.3373015873016,51.626984126984134
7,10.637480798771122,0.9216589861751152,0.9216589861751152,0.9216589861751152,81.14439324116744,49.57757296466974
8,9.101382488479262,0.8448540706605223,0.8448540706605223,0.8448540706605223,79.3010752688172,53.01459293394777
9,8.293650793650793,0.8333333333333334,0.8333333333333334,0.8333333333333334,79.72222222222223,55.37698412698413
10,8.525345622119817,1.3824884792626728,1.3824884792626728,1.3824884792626728,79.80030721966206,58.73655913978495
11,8.273809523809524,2.1031746031746033,2.1031746031746033,2.1031746031746033,77.38095238095238,59.8015873015873
12,10.129969418960243,6.230886850152905,6.230886850152905,6.230886850152905,62.977828746177366,59.747706422018354
