,correlation_with_ac_power,absolute_correlation
ac_power__5069,1.0,1.0
poa_irradiance__5061,0.9522112465392572,0.9522112465392572
module_temp__5063,0.7872168092241177,0.7872168092241177
eda_daylight,0.634925938128527,0.634925938128527
T2M,0.5678816421095846,0.5678816421095846
ambient_temp__5062,0.5336694616479692,0.5336694616479692
wind_direction_900_mb,0.251028001147897,0.251028001147897
wind_speed_900_mb,0.18003952098281822,0.18003952098281822
WS10M,0.08484604132178859,0.08484604132178859
hour,0.07392110928811417,0.07392110928811417
day_of_year_sin,0.03039389994315458,0.03039389994315458
wind_gust_10m,0.028236349803828276,0.028236349803828276
solar_azimuth_angle,0.026915468269516164,0.026915468269516164
PS,0.01323871415579485,0.01323871415579485
month_sin,-0.02327437055297983,0.02327437055297983
day_of_year,-0.027701303042498186,0.027701303042498186
month,-0.027819714590468628,0.027819714590468628
PRECTOTCORR,-0.028564563588346092,0.028564563588346092
year,-0.030811066350132747,0.030811066350132747
ALLSKY_SFC_SW_DWN,-0.03845317414944789,0.03845317414944789
hour_sin,-0.05751708571780487,0.05751708571780487
snowfall,-0.10833502928161731,0.10833502928161731
low_cloud_cover,-0.12904274490896311,0.12904274490896311
high_cloud_cover,-0.14253911783153678,0.14253911783153678
WD10M,-0.19370878253285823,0.19370878253285823
month_cos,-0.20004477943432225,0.20004477943432225
day_of_year_cos,-0.20190359026475702,0.20190359026475702
medium_cloud_cover,-0.23430824431737535,0.23430824431737535
CLOUD_AMT,-0.25623585371736746,0.25623585371736746
RH2M,-0.6843240558653974,0.6843240558653974
hour_cos,-0.7121307559432418,0.7121307559432418
solar_zenith_angle,-0.7444685614432816,0.7444685614432816
